City_ID,City,Country,Date,Lat,Lng,Max Temp,Humidity,Cloudiness,Wind Speed,Current Description,Rain inches (last 3 hrs),Snow inches (last 3 hrs)
0,Mahebourg,MU,2020-04-29 19:52:33,-20.41,57.7,73.4,83,75,10.29,Rain,0,0
1,Butaritari,KI,2020-04-29 19:52:33,3.07,172.79,82.44,81,100,12.64,Clouds,0,0
2,Rikitea,PF,2020-04-29 19:52:33,-23.12,-134.97,79.56,81,47,15.41,Rain,0,0
3,Clovis,US,2020-04-29 19:52:33,36.83,-119.7,89.01,33,75,5.82,Clouds,0,0
4,Cape Town,ZA,2020-04-29 19:52:33,-33.93,18.42,59.0,62,53,4.7,Clouds,0,0
5,Albany,US,2020-04-29 19:52:06,42.6,-73.97,61.0,36,90,12.75,Clouds,0,0
6,Beringovskiy,RU,2020-04-29 19:52:34,63.05,179.32,26.01,97,98,3.65,Clouds,0,0
7,Port Elizabeth,ZA,2020-04-29 19:50:06,-33.92,25.57,59.05,81,0,7.02,Clear,0,0
8,Quelimane,MZ,2020-04-29 19:52:34,-17.88,36.89,73.4,88,20,3.36,Clouds,0,0
9,Provideniya,RU,2020-04-29 19:52:34,64.38,-173.3,21.2,73,90,8.95,Clouds,0,0
10,Esperance,AU,2020-04-29 19:52:34,-33.87,121.9,53.6,71,90,8.01,Clouds,0,0
11,Punta Arenas,CL,2020-04-29 19:52:35,-53.15,-70.92,44.6,81,75,4.7,Rain,0,0
12,Mount Isa,AU,2020-04-29 19:52:35,-20.73,139.5,69.8,49,40,21.92,Clouds,0,0
13,Yellowknife,CA,2020-04-29 19:50:01,62.46,-114.35,53.6,34,75,4.7,Clouds,0,0
14,Villamontes,BO,2020-04-29 19:52:35,-21.25,-63.5,75.94,53,93,5.77,Clouds,0,0
15,Businga,CD,2020-04-29 19:52:35,3.33,20.88,75.31,75,8,1.25,Rain,0,0
16,Mar Del Plata,AR,2020-04-29 19:52:35,-38.0,-57.56,64.0,63,20,17.22,Clouds,0,0
17,Cidreira,BR,2020-04-29 19:52:35,-30.18,-50.21,71.76,79,90,6.02,Clouds,0,0
18,San Patricio,MX,2020-04-29 19:52:36,19.22,-104.7,82.4,74,5,7.94,Clear,0,0
19,Bambous Virieux,MU,2020-04-29 19:52:36,-20.34,57.76,75.99,83,75,10.29,Rain,0,0
20,Tasiilaq,GL,2020-04-29 19:52:36,65.61,-37.64,39.2,60,20,23.04,Clouds,0,0
21,Buraydah,SA,2020-04-29 19:52:36,26.33,43.98,82.4,32,20,9.17,Clouds,0,0
22,Ust-Nera,RU,2020-04-29 19:52:36,64.57,143.2,21.34,88,87,5.57,Clouds,0,0
23,Lebu,CL,2020-04-29 19:52:36,-37.62,-73.65,57.76,72,49,7.83,Clouds,0,0
24,Guerrero Negro,MX,2020-04-29 19:52:36,27.98,-114.06,72.03,53,3,14.47,Clear,0,0
25,Villa Carlos Paz,AR,2020-04-29 19:50:59,-31.42,-64.5,77.0,25,0,10.29,Clear,0,0
26,Rognan,NO,2020-04-29 19:52:37,67.1,15.39,37.99,51,0,5.82,Clear,0,0
27,Busselton,AU,2020-04-29 19:47:47,-33.65,115.33,48.99,47,0,12.17,Clear,0,0
28,Codrington,AU,2020-04-29 19:52:37,-38.27,141.97,48.34,85,44,11.7,Rain,0,0
29,Kapaa,US,2020-04-29 19:47:46,22.08,-159.32,78.8,74,40,20.8,Clouds,0,0
30,Souillac,MU,2020-04-29 19:52:37,-20.52,57.52,73.4,83,75,10.29,Rain,0,0
31,Hilo,US,2020-04-29 19:48:20,19.73,-155.09,78.8,61,90,9.17,Clouds,0,0
32,Port Alfred,ZA,2020-04-29 19:52:38,-33.59,26.89,59.0,86,0,5.99,Clear,0,0
33,San Cristobal,VE,2020-04-29 19:52:38,7.77,-72.22,89.6,55,40,12.75,Clouds,0,0
34,Arraial Do Cabo,BR,2020-04-29 19:52:38,-22.97,-42.03,78.8,73,0,13.87,Clear,0,0
35,Aksha,RU,2020-04-29 19:52:38,50.28,113.29,46.11,53,4,4.38,Clear,0,0
36,Severo-Kurilsk,RU,2020-04-29 19:52:38,50.68,156.12,31.19,92,68,10.58,Clouds,0,0
37,Touros,BR,2020-04-29 19:52:39,-5.2,-35.46,78.8,83,75,13.87,Rain,0,0
38,Ushuaia,AR,2020-04-29 19:51:47,-54.8,-68.3,51.8,50,100,23.04,Clouds,0,0
39,Nizwa,OM,2020-04-29 19:52:39,22.93,57.53,87.39,31,60,7.63,Clouds,0,0
40,Santiago,CL,2020-04-29 19:49:37,-33.46,-70.65,78.8,15,0,5.39,Clear,0,0
41,Gorontalo,ID,2020-04-29 19:52:39,0.54,123.06,75.56,89,92,2.37,Clouds,0,0
42,Atuona,PF,2020-04-29 19:52:39,-9.8,-139.03,81.91,76,2,17.81,Clear,0,0
43,Puerto Ayora,EC,2020-04-29 19:52:40,-0.74,-90.35,87.8,58,20,19.46,Clouds,0,0
44,Klaksvik,FO,2020-04-29 19:52:40,62.23,-6.59,39.2,69,5,4.7,Clear,0,0
45,Bredasdorp,ZA,2020-04-29 19:52:40,-34.53,20.04,55.4,66,50,3.36,Clouds,0,0
46,Chokurdakh,RU,2020-04-29 19:52:40,70.63,147.92,11.12,94,89,3.91,Clouds,0,0
47,Camacha,PT,2020-04-29 19:52:40,33.08,-16.33,66.2,72,20,9.17,Clouds,0,0
48,Bandarbeyla,SO,2020-04-29 19:52:41,9.49,50.81,83.98,79,99,12.93,Clouds,0,0
49,Jamestown,US,2020-04-29 19:52:41,42.1,-79.24,64.4,52,40,14.99,Clouds,0,0
50,Bluff,NZ,2020-04-29 19:52:41,-46.6,168.33,51.22,74,100,14.63,Clouds,0,0
51,Nikolskoye,RU,2020-04-29 19:52:41,59.7,30.79,34.0,80,20,4.47,Clouds,0,0
52,Luanda,AO,2020-04-29 19:52:41,-8.84,13.23,78.8,83,40,3.36,Clouds,0,0
53,Shahreza,IR,2020-04-29 19:52:42,32.03,51.88,56.05,31,100,4.79,Clouds,0,0
54,Bombay,IN,2020-04-29 19:50:02,19.01,72.85,86.0,79,75,5.82,Haze,0,0
55,Rawson,AR,2020-04-29 19:52:42,-43.3,-65.1,59.95,58,18,6.2,Clouds,0,0
56,Ukhta,RU,2020-04-29 19:52:42,63.57,53.68,33.06,91,86,6.22,Clouds,0,0
57,Bengkulu,ID,2020-04-29 19:52:42,-3.8,102.27,77.13,82,100,4.7,Clouds,0,0
58,Caluquembe,AO,2020-04-29 19:52:42,-13.78,14.68,59.59,40,0,2.04,Clear,0,0
59,Mataura,NZ,2020-04-29 19:52:43,-46.19,168.86,44.55,70,100,4.0,Clouds,0,0
60,Broken Hill,AU,2020-04-29 19:52:43,-31.95,141.43,46.4,87,40,10.29,Clouds,0,0
61,Narsaq,GL,2020-04-29 19:52:43,60.92,-46.05,50.0,23,5,5.82,Clear,0,0
62,Bubaque,GW,2020-04-29 19:52:43,11.28,-15.83,79.23,77,0,15.66,Clear,0,0
63,East London,ZA,2020-04-29 19:52:43,-33.02,27.91,63.09,68,7,7.78,Clear,0,0
64,Gafanha Da Encarnacao,PT,2020-04-29 19:52:43,40.62,-8.73,64.0,84,100,10.4,Rain,0,0
65,Fortuna,US,2020-04-29 19:52:44,40.6,-124.16,66.99,77,75,10.29,Clouds,0,0
66,Georgetown,MY,2020-04-29 19:51:11,5.41,100.34,82.0,100,40,1.12,Rain,0,0
67,Rio Gallegos,AR,2020-04-29 19:52:44,-51.62,-69.22,51.8,66,75,14.99,Clouds,0,0
68,Deputatskiy,RU,2020-04-29 19:52:44,69.3,139.9,12.47,92,100,3.69,Snow,0,0
69,Brae,GB,2020-04-29 19:52:44,60.4,-1.35,42.8,87,63,10.29,Rain,0,0
70,Ewa Beach,US,2020-04-29 19:49:49,21.32,-158.01,75.2,73,75,11.41,Rain,0,0
71,Kodiak,US,2020-04-29 19:52:44,57.79,-152.41,46.4,65,1,6.93,Clear,0,0
72,Rawah,IQ,2020-04-29 19:52:44,34.48,41.91,75.92,27,0,10.4,Clear,0,0
73,Minna,NG,2020-04-29 19:52:45,9.61,6.56,81.03,58,100,4.65,Clouds,0,0
74,Quime,BO,2020-04-29 19:52:45,-16.98,-67.22,59.92,27,62,4.47,Rain,0,0
75,Malartic,CA,2020-04-29 19:52:45,48.13,-78.13,51.8,32,90,13.87,Clouds,0,0
76,Bordighera,IT,2020-04-29 19:52:45,43.78,7.66,62.6,82,99,11.41,Clouds,0,0
77,Tuburan,PH,2020-04-29 19:52:45,6.64,122.27,81.88,74,100,3.78,Rain,0,0
78,Vaini,TO,2020-04-29 19:52:45,-21.2,-175.2,75.2,73,75,11.41,Clouds,0,0
79,Ostrovnoy,RU,2020-04-29 19:52:45,68.05,39.51,26.85,96,100,11.74,Clouds,0,0
80,Ponta Do Sol,PT,2020-04-29 19:52:45,32.67,-17.1,66.2,72,75,4.7,Clouds,0,0
81,Longyearbyen,SJ,2020-04-29 19:52:46,78.22,15.64,35.6,80,75,24.16,Rain,0,0
82,Iqaluit,CA,2020-04-29 19:52:46,63.75,-68.51,28.4,92,90,17.22,Clouds,0,0
83,Choma,ZM,2020-04-29 19:52:46,-16.81,26.95,66.61,39,88,3.2,Clouds,0,0
84,Kahului,US,2020-04-29 19:52:46,20.89,-156.47,80.6,54,20,19.46,Clouds,0,0
85,Airai,TL,2020-04-29 19:52:46,-8.93,125.41,56.12,66,93,2.46,Clouds,0,0
86,Saldanha,ZA,2020-04-29 19:52:46,-33.01,17.94,59.0,54,1,4.7,Clear,0,0
87,Bronnoysund,NO,2020-04-29 19:52:47,65.46,12.2,42.8,56,14,12.75,Clouds,0,0
88,La Ronge,CA,2020-04-29 19:52:47,55.1,-105.28,62.6,41,75,14.99,Clouds,0,0
89,Yenagoa,NG,2020-04-29 19:52:47,4.92,6.26,78.84,91,24,4.07,Rain,0,0
90,Comodoro Rivadavia,AR,2020-04-29 19:52:47,-45.87,-67.5,57.2,76,75,14.99,Clouds,0,0
91,Campoverde,PE,2020-04-29 19:52:47,-8.48,-74.81,75.2,94,90,3.36,Rain,0,0
92,Kandry,RU,2020-04-29 19:52:48,54.57,54.12,47.26,63,100,17.05,Clouds,0,0
93,Belle Fourche,US,2020-04-29 19:52:48,44.67,-103.85,66.99,22,1,8.05,Clear,0,0
94,Pangnirtung,CA,2020-04-29 19:52:48,66.15,-65.71,24.8,62,75,2.77,Clouds,0,0
95,Tautira,PF,2020-04-29 19:52:48,-17.73,-149.15,86.0,70,100,12.75,Clouds,0,0
96,Chuy,UY,2020-04-29 19:52:48,-33.7,-53.46,65.43,57,0,13.06,Clear,0,0
97,Kirakira,SB,2020-04-29 19:52:49,-10.45,161.92,80.11,79,94,5.26,Clouds,0,0
98,Sao Filipe,CV,2020-04-29 19:52:49,14.9,-24.5,76.82,65,10,19.55,Clear,0,0
99,Hobart,AU,2020-04-29 19:52:49,-42.88,147.33,57.0,100,90,6.93,Rain,0,0
100,Dong Hoi,VN,2020-04-29 19:52:49,17.48,106.6,74.44,87,100,3.53,Clouds,0,0
101,Kruisfontein,ZA,2020-04-29 19:52:49,-34.0,24.73,55.62,62,0,3.0,Clear,0,0
102,Novooleksiyivka,UA,2020-04-29 19:52:49,46.23,34.64,51.49,73,0,5.21,Clear,0,0
103,Kavaratti,IN,2020-04-29 19:52:50,10.57,72.64,85.44,67,100,7.65,Clouds,0,0
104,Russell,US,2020-04-29 19:52:50,32.35,-85.2,71.6,94,75,9.17,Clouds,0,0
105,Emerald,AU,2020-04-29 19:52:50,-23.53,148.17,71.6,94,90,4.7,Clouds,0,0
106,Rafai,CF,2020-04-29 19:52:50,4.95,23.92,75.29,59,0,2.93,Rain,0,0
107,Hasaki,JP,2020-04-29 19:52:50,35.73,140.83,50.0,87,20,4.7,Clouds,0,0
108,Phalombe,MW,2020-04-29 19:52:50,-15.81,35.65,65.25,68,2,2.24,Clear,0,0
109,Coolidge,US,2020-04-29 19:51:00,32.98,-111.52,99.0,12,1,3.36,Clear,0,0
110,Lagoa,PT,2020-04-29 19:52:51,39.05,-27.98,62.55,87,59,29.86,Clouds,0,0
111,Bairiki,KI,2020-04-29 19:52:51,1.33,172.98,82.4,78,75,6.93,Clouds,0,0
112,Thompson,CA,2020-04-29 19:52:51,55.74,-97.86,51.8,34,40,10.29,Clouds,0,0
113,Catamarca,AR,2020-04-29 19:52:51,-28.47,-65.79,75.0,58,1,10.0,Clear,0,0
114,Rocha,UY,2020-04-29 19:52:51,-34.48,-54.33,62.71,63,0,12.62,Clear,0,0
115,Sangar,RU,2020-04-29 19:52:51,63.92,127.47,20.89,94,52,13.85,Clouds,0,0
116,Natal,BR,2020-04-29 19:52:52,-5.79,-35.21,78.8,88,75,6.93,Rain,0,0
117,Birobidzhan,RU,2020-04-29 19:52:52,48.8,132.95,49.14,48,96,5.59,Clouds,0,0
118,Victoria,HK,2020-04-29 19:48:26,22.29,114.16,73.0,64,28,8.23,Clouds,0,0
119,Avarua,CK,2020-04-29 19:52:52,-21.21,-159.78,75.2,88,57,5.82,Rain,0,0
120,Umm Kaddadah,SD,2020-04-29 19:52:52,13.6,26.69,88.99,10,0,14.76,Clear,0,0
121,Morant Bay,JM,2020-04-29 19:52:52,17.88,-76.41,86.0,66,40,20.8,Clouds,0,0
122,Zharkent,KZ,2020-04-29 19:52:52,44.16,80.0,65.97,46,74,1.79,Clouds,0,0
123,Broome,US,2020-04-29 19:52:53,42.25,-75.83,59.0,58,20,21.92,Clouds,0,0
124,Lorengau,PG,2020-04-29 19:52:53,-2.02,147.27,80.82,78,75,3.51,Rain,0,0
125,Parral,MX,2020-04-29 19:52:53,26.93,-105.67,85.01,7,0,9.75,Clear,0,0
126,Iquique,CL,2020-04-29 19:52:53,-20.22,-70.14,68.0,64,90,6.93,Clouds,0,0
127,Saint-Philippe,RE,2020-04-29 19:52:53,-21.36,55.77,73.4,64,40,13.87,Clouds,0,0
128,Denpasar,ID,2020-04-29 19:52:02,-8.65,115.22,82.4,88,40,11.41,Clouds,0,0
129,Hermanus,ZA,2020-04-29 19:52:54,-34.42,19.23,63.36,68,96,4.63,Clouds,0,0
130,Diego De Almagro,CL,2020-04-29 19:52:54,-26.37,-70.05,80.06,20,58,10.85,Clouds,0,0
131,Aklavik,CA,2020-04-29 19:52:54,68.22,-135.01,10.4,55,20,6.93,Clouds,0,0
132,Sao Felix Do Xingu,BR,2020-04-29 19:52:54,-6.64,-51.99,82.76,68,3,5.19,Clear,0,0
133,Grand Gaube,MU,2020-04-29 19:52:54,-20.01,57.66,75.99,73,6,10.0,Clear,0,0
134,New Norfolk,AU,2020-04-29 19:52:55,-42.78,147.06,53.01,92,100,1.43,Rain,0,0
135,Kentau,KZ,2020-04-29 19:52:55,43.52,68.51,60.64,34,96,6.76,Clouds,0,0
136,Concepcion Del Oro,MX,2020-04-29 19:52:55,24.63,-101.42,78.84,9,0,12.5,Clear,0,0
137,Namatanai,PG,2020-04-29 19:52:55,-3.67,152.43,80.56,78,83,5.17,Rain,0,0
138,Mikhaylovka,RU,2020-04-29 19:52:55,50.06,43.24,55.0,49,18,9.75,Clouds,0,0
139,Hofn,IS,2020-04-29 19:52:55,64.25,-15.21,46.4,65,20,12.75,Clouds,0,0
140,Bilma,NE,2020-04-29 19:52:56,18.69,12.92,90.55,10,0,1.66,Clear,0,0
141,Bonavista,CA,2020-04-29 19:52:56,48.65,-53.11,36.0,80,44,8.01,Clouds,0,0
142,Olafsvik,IS,2020-04-29 19:52:56,64.89,-23.71,42.91,73,70,11.5,Clouds,0,0
143,Key West,US,2020-04-29 19:49:35,24.56,-81.78,87.8,70,20,11.41,Clouds,0,0
144,Kandrian,PG,2020-04-29 19:52:56,-6.22,149.55,78.3,86,10,3.13,Rain,0,0
145,Perry,US,2020-04-29 19:52:56,37.25,-83.2,71.6,49,90,6.93,Clouds,0,0
146,Riyadh,SA,2020-04-29 19:51:39,24.69,46.72,89.6,27,40,13.87,Clouds,0,0
147,Burns Lake,CA,2020-04-29 19:50:32,54.23,-125.75,52.65,33,100,3.87,Clouds,0,0
148,Adeje,ES,2020-04-29 19:52:57,28.12,-16.73,69.01,64,20,16.11,Clouds,0,0
149,Vigrestad,NO,2020-04-29 19:52:57,58.57,5.7,48.2,57,75,11.41,Clouds,0,0
150,Hirado,JP,2020-04-29 19:52:57,33.36,129.55,57.52,69,0,7.29,Clear,0,0
151,Vardo,NO,2020-04-29 19:52:57,70.37,31.11,28.4,79,40,11.41,Clouds,0,0
152,Rio Grande,BR,2020-04-29 19:51:01,-32.03,-52.1,78.8,36,0,11.41,Clear,0,0
153,Luderitz,NA,2020-04-29 19:52:58,-26.65,15.16,62.6,77,0,4.7,Clear,0,0
154,Abu Zabad,SD,2020-04-29 19:52:58,12.35,29.25,87.08,10,2,7.94,Clear,0,0
155,Palasa,IN,2020-04-29 19:52:58,18.77,84.42,80.44,86,9,7.34,Rain,0,0
156,Khanpur,PK,2020-04-29 19:52:58,28.65,70.66,88.68,29,52,10.94,Clouds,0,0
157,America Dourada,BR,2020-04-29 19:52:58,-11.46,-41.44,74.46,59,51,8.95,Clouds,0,0
158,Ballina,AU,2020-04-29 19:52:58,-28.87,153.57,64.0,93,95,10.92,Clouds,0,0
159,Ust-Tsilma,RU,2020-04-29 19:52:59,65.44,52.15,32.34,96,100,8.05,Clouds,0,0
160,Jati,PK,2020-04-29 19:52:59,24.35,68.27,78.35,85,0,10.92,Clear,0,0
161,Carnarvon,AU,2020-04-29 19:52:59,-24.87,113.63,64.4,34,78,10.29,Clouds,0,0
162,Meoqui,MX,2020-04-29 19:52:59,28.28,-105.48,86.0,10,5,11.41,Clear,0,0
163,Gao,ML,2020-04-29 19:52:59,16.64,1.64,95.63,8,0,8.7,Clear,0,0
164,Valparaiso,CL,2020-04-29 19:51:57,-33.04,-71.63,71.6,40,0,9.17,Clear,0,0
165,Koygorodok,RU,2020-04-29 19:52:59,60.45,51.0,31.12,94,100,4.09,Clouds,0,0
166,Metro,ID,2020-04-29 19:53:00,-5.11,105.31,74.64,93,99,5.61,Rain,0,0
167,Bethel,US,2020-04-29 19:53:00,41.37,-73.41,53.6,54,90,13.87,Clouds,0,0
168,Poum,NC,2020-04-29 19:53:00,-20.23,164.02,76.57,78,0,12.59,Clear,0,0
169,Avera,US,2020-04-29 19:53:00,33.19,-82.53,80.6,44,40,16.11,Clouds,0,0
170,Cururupu,BR,2020-04-29 19:53:00,-1.83,-44.87,81.72,77,100,4.47,Clouds,0,0
171,Gboko,NG,2020-04-29 19:53:00,7.32,9.0,87.85,53,35,11.07,Clouds,0,0
172,Srednekolymsk,RU,2020-04-29 19:53:01,67.45,153.68,18.63,96,90,4.85,Clouds,0,0
173,Port Keats,AU,2020-04-29 19:53:01,-14.25,129.55,80.37,69,2,4.12,Clear,0,0
174,Mehamn,NO,2020-04-29 19:53:01,71.04,27.85,21.2,67,0,6.93,Clear,0,0
175,Kozhva,RU,2020-04-29 19:53:01,65.11,57.05,33.06,91,100,2.06,Clouds,0,0
176,Bend,US,2020-04-29 19:49:59,44.06,-121.32,71.01,46,100,4.0,Clouds,0,0
177,Molina,CL,2020-04-29 19:53:02,-35.12,-71.28,66.7,29,1,7.85,Clear,0,0
178,Dunkwa,GH,2020-04-29 19:53:02,5.97,-1.78,79.2,82,36,4.52,Clouds,0,0
179,Auki,SB,2020-04-29 19:53:02,-8.77,160.7,79.92,83,97,3.87,Rain,0,0
180,Qaanaaq,GL,2020-04-29 19:53:02,77.48,-69.36,15.94,87,100,11.92,Clouds,0,0
181,Yueyang,CN,2020-04-29 19:53:02,29.33,113.09,71.67,62,100,8.41,Clouds,0,0
182,Nurota,UZ,2020-04-29 19:53:02,40.56,65.69,57.2,87,2,9.17,Clear,0,0
183,Lata,PT,2020-04-29 19:53:02,40.16,-8.33,61.0,77,100,4.88,Clouds,0,0
184,Sakaiminato,JP,2020-04-29 19:53:03,35.55,133.23,48.2,87,20,5.82,Clouds,0,0
185,Harper,LR,2020-04-29 19:53:03,4.38,-7.72,81.21,84,87,6.13,Clouds,0,0
186,Tashla,RU,2020-04-29 19:53:03,51.77,52.74,47.66,62,100,11.45,Clouds,0,0
187,Dikson,RU,2020-04-29 19:53:03,73.51,80.55,19.83,94,100,5.19,Clouds,0,0
188,Tiksi,RU,2020-04-29 19:53:03,71.69,128.87,14.83,96,100,9.19,Snow,0,0
189,Kigoma,TZ,2020-04-29 19:53:03,-4.88,29.63,71.6,94,75,6.55,Thunderstorm,0,0
190,Naze,JP,2020-04-29 19:53:04,28.37,129.48,55.4,93,20,4.7,Clouds,0,0
191,Camocim,BR,2020-04-29 19:53:04,-2.9,-40.84,80.56,85,100,9.4,Rain,0,0
192,North Bend,US,2020-04-29 19:53:04,43.41,-124.22,62.01,82,90,10.29,Clouds,0,0
193,Bela,IN,2020-04-29 19:53:04,25.93,81.98,86.83,31,87,4.63,Clouds,0,0
194,Faanui,PF,2020-04-29 19:53:04,-16.48,-151.75,82.0,72,99,3.91,Clouds,0,0
195,Jumla,NP,2020-04-29 19:53:04,29.27,82.18,48.04,34,56,2.04,Clouds,0,0
196,Kirchhundem,DE,2020-04-29 19:53:04,51.1,8.1,52.0,92,100,5.64,Clouds,0,0
197,Bose,IT,2020-04-29 19:53:05,45.46,8.01,60.01,58,50,6.29,Clouds,0,0
198,Geraldton,AU,2020-04-29 19:53:05,-28.77,114.6,57.2,41,100,11.41,Clouds,0,0
199,Cabo San Lucas,MX,2020-04-29 19:53:05,22.89,-109.91,86.0,37,5,9.17,Clear,0,0
200,Tura,IN,2020-04-29 19:53:05,25.52,90.22,68.95,73,0,4.27,Clear,0,0
201,Nishihara,JP,2020-04-29 19:53:05,26.18,127.76,68.0,82,20,3.36,Clouds,0,0
202,Bathurst,AU,2020-04-29 19:53:05,-33.42,149.58,48.99,99,100,5.82,Rain,0,0
203,Laibin,CN,2020-04-29 19:53:05,23.7,109.27,70.57,83,82,3.8,Clouds,0,0
204,Tuatapere,NZ,2020-04-29 19:53:06,-46.13,167.68,50.27,76,100,6.76,Clouds,0,0
205,Wynyard,AU,2020-04-29 19:53:06,-41.0,145.72,46.0,95,93,1.01,Clouds,0,0
206,Ourossogui,SN,2020-04-29 19:53:06,15.61,-13.32,99.09,13,46,1.32,Clouds,0,0
207,Presidencia Roque Saenz Pena,AR,2020-04-29 19:53:06,-26.79,-60.44,74.53,46,66,5.91,Clouds,0,0
208,Zavyalovo,RU,2020-04-29 19:53:06,54.51,82.45,55.4,82,40,8.95,Clouds,0,0
209,Hithadhoo,MV,2020-04-29 19:53:06,-0.6,73.08,84.87,74,8,9.8,Clear,0,0
210,Asau,RO,2020-04-29 19:53:07,46.43,26.4,55.99,70,90,4.43,Clouds,0,0
211,Pevek,RU,2020-04-29 19:53:07,69.7,170.31,16.77,92,64,12.37,Clouds,0,0
212,Puerto Escondido,MX,2020-04-29 19:49:54,15.85,-97.07,84.2,70,20,11.41,Clouds,0,0
213,Vao,NC,2020-04-29 19:53:07,-22.67,167.48,75.65,79,4,24.74,Rain,0,0
214,Raudeberg,NO,2020-04-29 19:53:07,61.99,5.14,45.0,66,73,5.01,Clouds,0,0
215,Grao Mogol,BR,2020-04-29 19:53:07,-16.56,-42.89,70.03,55,44,3.76,Clouds,0,0
216,Itacoatiara,BR,2020-04-29 19:53:07,-3.14,-58.44,80.6,88,100,4.7,Rain,0,0
217,Powell River,CA,2020-04-29 19:48:42,49.85,-124.54,50.0,81,90,4.7,Rain,0,0
218,Riverton,US,2020-04-29 19:49:41,40.52,-111.94,78.01,29,1,10.29,Clear,0,0
219,Sawakin,SD,2020-04-29 19:53:08,19.11,37.33,77.94,62,0,7.92,Clear,0,0
220,Maykor,RU,2020-04-29 19:53:08,59.01,55.88,36.52,91,99,3.94,Clouds,0,0
221,Castro,BR,2020-04-29 19:53:08,-24.79,-50.01,71.13,46,7,3.4,Clear,0,0
222,Kyra,RU,2020-04-29 19:53:08,49.58,111.98,44.44,59,86,3.94,Clouds,0,0
223,Cockburn Town,TC,2020-04-29 19:53:09,21.46,-71.14,79.18,78,0,15.01,Clear,0,0
224,Cherskiy,RU,2020-04-29 19:53:09,68.75,161.3,22.84,97,100,5.99,Clouds,0,0
225,Sakakah,SA,2020-04-29 19:53:09,29.97,40.21,77.0,14,0,11.41,Clear,0,0
226,Vila Velha,BR,2020-04-29 19:53:09,-20.33,-40.29,77.0,88,75,4.7,Clouds,0,0
227,Port Alberni,CA,2020-04-29 19:53:09,49.24,-124.8,54.0,81,90,5.82,Rain,0,0
228,Vila Franca Do Campo,PT,2020-04-29 19:53:09,37.72,-25.43,64.4,82,40,11.41,Clouds,0,0
229,Honiara,SB,2020-04-29 19:53:10,-9.43,159.95,75.2,94,20,2.24,Clouds,0,0
230,Picota,PE,2020-04-29 19:53:10,-6.92,-76.33,82.4,78,75,3.36,Clouds,0,0
231,Korla,CN,2020-04-29 19:53:10,41.76,86.15,75.69,13,0,9.64,Clear,0,0
232,Mabaruma,GY,2020-04-29 19:53:10,8.2,-59.78,84.07,59,72,8.48,Clouds,0,0
233,Songkhla,TH,2020-04-29 19:53:10,6.83,100.67,78.8,88,75,4.7,Clouds,0,0
234,Christchurch,NZ,2020-04-29 19:51:45,-43.53,172.63,32.0,52,50,2.24,Clouds,0,0
235,Wiang Sa,TH,2020-04-29 19:53:10,8.64,99.37,77.07,84,100,0.38,Clouds,0,0
236,Sao Joao Da Barra,BR,2020-04-29 19:53:11,-21.64,-41.05,80.6,61,16,11.41,Clouds,0,0
237,Tandil,AR,2020-04-29 19:53:11,-37.32,-59.13,62.01,62,0,11.01,Clear,0,0
238,Khatanga,RU,2020-04-29 19:53:11,71.97,102.5,6.35,95,43,8.61,Clouds,0,0
239,Guspini,IT,2020-04-29 19:53:11,39.54,8.63,64.4,88,20,5.82,Clouds,0,0
240,Laguna,US,2020-04-29 19:53:11,38.42,-121.42,73.99,56,1,8.05,Clear,0,0
241,Taoudenni,ML,2020-04-29 19:53:12,22.68,-3.98,95.54,12,48,13.22,Clouds,0,0
242,Belogorsk,RU,2020-04-29 19:53:12,50.92,128.46,50.07,46,100,11.72,Clouds,0,0
243,Saint-Joseph,RE,2020-04-29 19:53:12,-21.37,55.62,73.4,64,40,13.87,Clouds,0,0
244,Lumeje,AO,2020-04-29 19:53:12,-11.55,20.78,66.13,38,0,4.14,Clear,0,0
245,Dandong,CN,2020-04-29 19:53:12,40.13,124.39,46.04,83,23,5.17,Clouds,0,0
246,Barrow,US,2020-04-29 19:53:13,71.29,-156.79,-9.4,100,1,5.82,Clear,0,0
247,Banfora,BF,2020-04-29 19:53:13,10.63,-4.77,87.84,41,100,3.83,Clouds,0,0
248,Radomir,BG,2020-04-29 19:53:01,42.54,22.96,59.0,67,75,3.36,Clouds,0,0
249,Kemang,ID,2020-04-29 19:53:13,-3.35,104.34,75.38,97,100,2.04,Rain,0,0
250,Husavik,IS,2020-04-29 19:53:13,66.04,-17.34,44.6,82,20,26.4,Clouds,0,0
251,Chapais,CA,2020-04-29 19:53:13,49.78,-74.85,51.8,29,20,14.99,Clouds,0,0
252,Superior,US,2020-04-29 19:53:13,46.72,-92.1,59.0,54,1,6.93,Clear,0,0
253,Kankan,GN,2020-04-29 19:53:14,10.39,-9.31,83.88,52,99,8.08,Clouds,0,0
254,Batagay-Alyta,RU,2020-04-29 19:53:14,67.8,130.41,11.32,88,100,4.65,Clouds,0,0
255,Elbrus,RU,2020-04-29 19:53:14,43.26,42.64,29.86,39,0,4.03,Clear,0,0
256,Manaus,BR,2020-04-29 19:53:14,-3.1,-60.02,89.6,66,40,4.7,Clouds,0,0
257,Ribeira Grande,PT,2020-04-29 19:53:14,38.52,-28.7,64.4,88,75,17.22,Clouds,0,0
258,Norman Wells,CA,2020-04-29 19:53:14,65.28,-126.83,21.2,79,90,21.92,Snow,0,0
259,Port Blair,IN,2020-04-29 19:53:15,11.67,92.75,82.98,78,89,2.51,Clouds,0,0
260,Saskylakh,RU,2020-04-29 19:53:15,71.92,114.08,15.64,96,100,6.29,Snow,0,0
261,Acarau,BR,2020-04-29 19:53:15,-2.89,-40.12,81.01,83,100,9.1,Rain,0,0
262,Rabo De Peixe,PT,2020-04-29 19:53:15,37.8,-25.58,64.4,82,40,11.41,Clouds,0,0
263,Cabedelo,BR,2020-04-29 19:50:37,-6.98,-34.83,84.2,74,20,14.99,Clouds,0,0
264,Torrijos,ES,2020-04-29 19:53:15,39.98,-4.28,59.0,71,20,10.29,Clouds,0,0
265,Fukue,JP,2020-04-29 19:53:15,32.69,128.84,61.39,61,0,6.44,Clear,0,0
266,Nouadhibou,MR,2020-04-29 19:53:15,20.93,-17.03,68.0,72,96,23.04,Sand,0,0
267,Cao Bang,VN,2020-04-29 19:53:16,22.67,106.25,67.1,77,12,2.37,Clouds,0,0
268,Baffa,PK,2020-04-29 19:53:16,34.44,73.22,65.3,49,100,4.99,Rain,0,0
269,Gibsons,CA,2020-04-29 19:53:16,49.4,-123.5,54.0,84,100,1.99,Rain,0,0
270,Cap Malheureux,MU,2020-04-29 19:53:16,-19.98,57.61,75.99,73,17,10.0,Clouds,0,0
271,Fare,PF,2020-04-29 19:53:16,-16.7,-151.02,82.83,74,100,5.46,Rain,0,0
272,Nelson Bay,AU,2020-04-29 19:53:16,-32.72,152.15,68.0,77,1,10.29,Clear,0,0
273,Moranbah,AU,2020-04-29 19:53:16,-22.0,148.05,65.95,88,23,6.78,Clouds,0,0
274,Murray Bridge,AU,2020-04-29 19:53:17,-35.12,139.27,46.99,90,84,3.0,Clouds,0,0
275,Kaitangata,NZ,2020-04-29 19:53:17,-46.28,169.85,45.0,78,96,1.99,Clouds,0,0
276,Tadine,NC,2020-04-29 19:53:17,-21.55,167.88,75.76,81,3,13.96,Rain,0,0
277,Hay River,CA,2020-04-29 19:53:17,60.82,-115.8,51.8,43,40,12.75,Clouds,0,0
278,Barcelos,PT,2020-04-29 19:53:17,41.54,-8.62,59.0,77,40,10.29,Clouds,0,0
279,Mandal,IN,2020-04-29 19:49:28,25.45,74.57,86.56,18,0,6.2,Clear,0,0
280,Faya,SA,2020-04-29 19:53:17,18.39,42.45,68.0,77,87,4.7,Clouds,0,0
281,Diapaga,BF,2020-04-29 19:53:18,12.07,1.79,99.97,16,38,2.89,Clouds,0,0
282,Honningsvag,NO,2020-04-29 19:52:13,70.98,25.97,32.0,88,0,5.82,Clear,0,0
283,Coihaique,CL,2020-04-29 19:53:18,-45.58,-72.07,53.6,81,90,6.93,Clouds,0,0
284,Lahad Datu,MY,2020-04-29 19:53:18,5.03,118.33,75.45,93,5,2.84,Clear,0,0
285,Minjur,IN,2020-04-29 19:53:18,13.27,80.27,86.0,79,40,2.24,Clouds,0,0
286,Dingle,PH,2020-04-29 19:53:18,11.0,122.67,77.88,85,100,7.0,Clouds,0,0
287,Mecca,SA,2020-04-29 19:53:19,21.43,39.83,81.46,52,0,4.38,Clear,0,0
288,Padang,ID,2020-04-29 19:53:19,-0.95,100.35,76.93,89,100,3.67,Rain,0,0
289,Ust-Kulom,RU,2020-04-29 19:53:19,61.69,53.69,36.0,94,100,1.34,Clouds,0,0
290,Upernavik,GL,2020-04-29 19:53:19,72.79,-56.15,21.52,82,40,6.24,Clouds,0,0
291,Vostok,RU,2020-04-29 19:53:19,46.49,135.88,37.27,64,31,6.51,Clouds,0,0
292,Canmore,CA,2020-04-29 19:53:20,51.08,-115.35,62.6,27,75,14.99,Clouds,0,0
293,Boa Vista,BR,2020-04-29 19:53:20,2.82,-60.67,95.0,34,40,5.82,Clouds,0,0
294,Bay Roberts,CA,2020-04-29 19:53:20,47.6,-53.26,37.99,67,90,8.99,Clouds,0,0
295,Beloha,MG,2020-04-29 19:53:20,-25.17,45.05,72.48,77,49,6.11,Rain,0,0
296,Zihuatanejo,MX,2020-04-29 19:52:24,17.63,-101.55,87.8,62,40,11.41,Clouds,0,0
297,Alice,US,2020-04-29 19:53:20,27.75,-98.07,84.2,51,75,17.22,Clouds,0,0
298,Marsa Matruh,EG,2020-04-29 19:53:20,31.35,27.25,64.45,79,0,4.16,Clear,0,0
299,Naryan-Mar,RU,2020-04-29 19:53:21,67.67,53.09,23.77,97,98,15.93,Clouds,0,0
300,Vrbas,RS,2020-04-29 19:53:21,45.57,19.64,60.01,93,40,8.05,Clouds,0,0
301,Rio Blanco,MX,2020-04-29 19:53:21,18.83,-97.15,86.59,22,54,6.06,Rain,0,0
302,Road Town,VG,2020-04-29 19:50:56,18.42,-64.62,84.2,66,40,9.17,Clouds,0,0
303,Saint George,US,2020-04-29 19:53:21,37.1,-113.58,91.99,20,1,1.77,Rain,0,0
304,Lavrentiya,RU,2020-04-29 19:53:21,65.58,-171.0,21.79,95,64,1.52,Clouds,0,0
305,Luzhou,CN,2020-04-29 19:53:21,28.87,105.44,66.87,79,100,7.05,Rain,0,0
306,Bintulu,MY,2020-04-29 19:53:22,3.17,113.03,78.8,94,75,4.7,Clouds,0,0
307,Warri,NG,2020-04-29 19:53:22,5.52,5.75,78.84,92,100,3.69,Clouds,0,0
308,Toora-Khem,RU,2020-04-29 19:53:22,52.47,96.11,55.89,61,100,11.45,Rain,0,0
309,Victoria Point,AU,2020-04-29 19:53:22,-27.58,153.3,68.0,93,75,6.93,Clouds,0,0
310,Nirmal,IN,2020-04-29 19:53:22,19.1,78.35,81.23,30,6,5.95,Clear,0,0
311,Nikolsk,RU,2020-04-29 19:53:23,53.72,46.07,53.01,71,100,20.2,Rain,0,0
312,Calbuco,CL,2020-04-29 19:53:23,-41.77,-73.13,59.0,82,75,8.05,Clouds,0,0
313,Antigonish,CA,2020-04-29 19:52:29,45.62,-62.0,39.0,73,0,5.99,Clear,0,0
314,Vadgaon,IN,2020-04-29 19:53:23,20.94,74.87,87.21,21,0,7.67,Clear,0,0
315,Coos Bay,US,2020-04-29 19:53:23,43.37,-124.22,64.0,82,90,10.29,Clouds,0,0
316,Yanam,IN,2020-04-29 19:53:23,16.73,82.22,80.04,91,0,2.13,Clear,0,0
317,Portland,US,2020-04-29 19:53:23,45.52,-122.68,72.0,60,75,6.93,Clouds,0,0
318,Esik,KZ,2020-04-29 19:53:24,43.36,77.45,57.2,87,75,2.24,Clouds,0,0
319,Cooma,AU,2020-04-29 19:53:24,-36.23,149.13,46.4,87,100,8.05,Rain,0,0
320,Clyde River,CA,2020-04-29 19:53:24,70.47,-68.59,23.0,57,75,14.99,Clouds,0,0
321,Lasa,IT,2020-04-29 19:53:24,46.62,10.7,44.6,65,40,3.36,Clouds,0,0
322,Torphins,GB,2020-04-29 19:53:24,57.11,-2.62,46.0,80,99,3.0,Rain,0,0
323,Matara,LK,2020-04-29 19:53:21,5.95,80.54,78.49,88,100,3.02,Rain,0,0
324,Taltal,CL,2020-04-29 19:53:24,-25.4,-70.48,67.55,65,80,4.79,Clouds,0,0
325,Chubbuck,US,2020-04-29 19:53:25,42.92,-112.47,75.2,25,1,4.7,Clear,0,0
326,Karratha,AU,2020-04-29 19:48:27,-20.74,116.85,77.94,29,35,17.96,Clouds,0,0
327,Wanaka,NZ,2020-04-29 19:53:25,-44.7,169.15,44.6,55,100,6.73,Clouds,0,0
328,Santa Maria Del Oro,MX,2020-04-29 19:53:25,25.93,-105.37,86.85,7,0,11.39,Clear,0,0
329,Magadan,RU,2020-04-29 19:48:41,59.57,150.8,26.15,96,68,5.37,Clouds,0,0
330,Tangshan,CN,2020-04-29 19:53:25,39.63,118.18,62.2,59,90,2.33,Clouds,0,0
331,Aviles,ES,2020-04-29 19:53:25,43.55,-5.92,60.8,55,40,13.87,Clouds,0,0
332,Alihe,CN,2020-04-29 19:53:26,50.57,123.72,45.5,45,100,3.15,Clouds,0,0
333,Basoko,CD,2020-04-29 19:53:26,1.24,23.62,74.91,72,0,2.51,Clear,0,0
334,Flin Flon,CA,2020-04-29 19:53:26,54.77,-101.86,57.2,33,20,11.41,Clouds,0,0
335,Bestobe,KZ,2020-04-29 19:53:26,52.5,73.1,55.42,65,91,13.8,Clouds,0,0
336,Ahipara,NZ,2020-04-29 19:53:26,-35.17,173.17,57.85,80,32,6.67,Clouds,0,0
337,Sitka,US,2020-04-29 19:53:26,57.05,-135.33,42.8,81,90,9.17,Rain,0,0
338,Sola,VU,2020-04-29 19:53:27,-13.88,167.55,81.77,80,0,13.24,Clear,0,0
339,Osmena,PH,2020-04-29 19:53:27,10.52,119.93,83.98,76,1,15.52,Clear,0,0
340,Meulaboh,ID,2020-04-29 19:53:27,4.14,96.13,78.13,86,100,2.24,Rain,0,0
341,Labytnangi,RU,2020-04-29 19:53:27,66.66,66.42,22.1,95,100,21.27,Clouds,0,0
342,Zhangye,CN,2020-04-29 19:53:27,38.93,100.45,56.79,15,0,3.49,Clear,0,0
343,Santona,ES,2020-04-29 19:53:28,43.44,-3.46,57.2,93,90,1.12,Rain,0,0
344,Vilyuysk,RU,2020-04-29 19:53:28,63.76,121.62,22.15,96,0,4.27,Clear,0,0
345,Kununurra,AU,2020-04-29 19:53:28,-15.77,128.73,73.4,69,39,5.82,Clouds,0,0
346,Yulara,AU,2020-04-29 19:53:28,-25.24,130.99,51.8,50,0,8.05,Clear,0,0
347,Buin,CL,2020-04-29 19:53:28,-33.73,-70.75,78.8,15,0,6.29,Clear,0,0
348,Paka,MY,2020-04-29 19:53:28,4.64,103.44,77.0,100,93,1.12,Rain,0,0
349,Port Hardy,CA,2020-04-29 19:53:28,50.7,-127.42,48.2,87,90,2.21,Rain,0,0
350,Goundi,TD,2020-04-29 19:53:29,9.36,17.37,91.51,28,80,3.96,Clouds,0,0
351,Tuktoyaktuk,CA,2020-04-29 19:53:29,69.45,-133.04,-2.2,77,5,8.05,Clear,0,0
352,Svetlogorsk,BY,2020-04-29 19:53:29,52.63,29.73,45.97,82,100,7.85,Clouds,0,0
353,Burlington,US,2020-04-29 19:50:52,39.88,-74.64,62.6,48,90,18.34,Clouds,0,0
354,Bani Walid,LY,2020-04-29 19:53:29,31.76,13.99,71.98,43,0,17.18,Clear,0,0
355,Atar,MR,2020-04-29 19:53:29,20.52,-13.05,88.3,19,100,14.45,Clouds,0,0
356,Marawi,PH,2020-04-29 19:53:29,8.0,124.29,75.99,84,100,5.01,Clouds,0,0
357,Nokaneng,BW,2020-04-29 19:53:30,-19.67,22.27,72.45,29,31,3.15,Clouds,0,0
358,Inza,RU,2020-04-29 19:53:30,53.85,46.36,53.01,73,100,16.96,Rain,0,0
359,Altay,CN,2020-04-29 19:53:30,47.87,88.12,61.3,37,64,4.94,Clouds,0,0
360,Shimoda,JP,2020-04-29 19:53:30,34.67,138.95,50.0,80,0,2.84,Clear,0,0
361,Gambiran,ID,2020-04-29 19:53:30,-6.8,111.5,74.88,88,16,4.16,Clouds,0,0
362,Ulagan,RU,2020-04-29 19:53:30,50.63,87.96,52.05,49,69,1.77,Clouds,0,0
363,Valley City,US,2020-04-29 19:49:29,46.92,-98.0,60.8,55,40,13.87,Clouds,0,0
364,Salinas,US,2020-04-29 19:51:18,36.68,-121.66,62.6,72,1,13.87,Clear,0,0
365,Seminole,US,2020-04-29 19:53:31,28.71,-81.21,87.01,37,75,12.75,Clouds,0,0
366,Palmer,US,2020-04-29 19:53:31,42.16,-72.33,62.6,53,90,8.05,Clouds,0,0
367,Zalari,RU,2020-04-29 19:53:31,53.56,102.51,54.27,66,89,5.28,Clouds,0,0
368,Ahuimanu,US,2020-04-29 19:53:31,21.44,-157.84,78.8,65,75,16.11,Clouds,0,0
369,Labrea,BR,2020-04-29 19:49:29,-7.26,-64.8,90.64,53,78,1.68,Clouds,0,0
370,Rincon,US,2020-04-29 19:53:31,32.3,-81.24,80.6,51,75,24.16,Clouds,0,0
371,Rovigo,IT,2020-04-29 19:53:32,45.08,11.79,57.99,73,1,3.0,Rain,0,0
372,Maniitsoq,GL,2020-04-29 19:53:32,65.42,-52.9,35.13,82,0,9.19,Clear,0,0
373,Tabligbo,TG,2020-04-29 19:53:32,6.58,1.5,80.6,88,20,4.7,Clouds,0,0
374,Lardos,GR,2020-04-29 19:53:32,36.09,28.02,64.4,82,20,4.7,Clouds,0,0
375,Los Llanos De Aridane,ES,2020-04-29 19:53:32,28.66,-17.92,68.0,68,40,11.41,Clouds,0,0
376,Placido De Castro,BR,2020-04-29 19:53:32,-10.34,-67.19,90.43,50,63,2.8,Clouds,0,0
377,Zhanaozen,KZ,2020-04-29 19:53:32,43.3,52.8,55.13,40,0,4.85,Clear,0,0
378,Megion,RU,2020-04-29 19:53:33,61.03,76.11,44.6,87,90,15.66,Rain,0,0
379,San Quintin,MX,2020-04-29 19:53:33,30.48,-115.95,69.31,64,1,7.27,Clear,0,0
380,Whitehorse,CA,2020-04-29 19:49:42,60.72,-135.05,41.0,75,90,16.11,Rain,0,0
381,Ilebo,CD,2020-04-29 19:53:33,-4.32,20.58,77.23,65,86,0.56,Clouds,0,0
382,Salalah,OM,2020-04-29 19:53:33,17.02,54.09,84.2,89,40,6.93,Clouds,0,0
383,Ayan,RU,2020-04-29 19:53:33,56.45,138.17,30.42,97,100,12.08,Clouds,0,0
384,Te Anau,NZ,2020-04-29 19:53:33,-45.42,167.72,49.53,70,100,6.31,Clouds,0,0
385,Dobson,US,2020-04-29 19:53:33,36.4,-80.72,73.99,60,40,11.41,Clouds,0,0
386,Norden,DE,2020-04-29 19:53:34,53.6,7.2,51.01,100,100,4.9,Clouds,0,0
387,Sorong,ID,2020-04-29 19:53:34,-0.88,131.25,79.36,87,100,9.69,Rain,0,0
388,Invermere,CA,2020-04-29 19:50:21,50.52,-116.04,53.55,52,100,4.54,Clouds,0,0
389,Ferme-Neuve,CA,2020-04-29 19:53:34,46.7,-75.45,56.41,44,100,13.53,Clouds,0,0
390,Flinders,AU,2020-04-29 19:53:34,-34.58,150.86,66.0,85,100,5.99,Rain,0,0
391,Storsteinnes,NO,2020-04-29 19:53:34,69.24,19.23,32.0,89,0,11.41,Clear,0,0
392,Duma,CN,2020-04-29 19:53:34,34.77,108.14,59.0,72,100,2.24,Clouds,0,0
393,Sokoni,TZ,2020-04-29 19:53:35,-6.43,39.55,77.0,88,75,12.75,Rain,0,0
394,Tilichiki,RU,2020-04-29 19:53:35,60.47,166.1,23.5,95,100,6.22,Clouds,0,0
395,Sibolga,ID,2020-04-29 19:53:35,1.74,98.78,78.13,82,100,3.62,Rain,0,0
396,Suntar,RU,2020-04-29 19:53:35,62.14,117.63,29.05,97,83,3.33,Clouds,0,0
397,Papa,HU,2020-04-29 19:53:35,47.33,17.47,57.2,71,100,6.93,Clouds,0,0
398,Pisco,PE,2020-04-29 19:53:37,-13.7,-76.22,73.99,64,0,9.17,Clear,0,0
399,Leshukonskoye,RU,2020-04-29 19:53:37,64.9,45.76,30.49,98,93,6.89,Clouds,0,0
400,San Juan,AR,2020-04-29 19:51:04,-31.54,-68.54,76.24,22,0,8.03,Clear,0,0
401,College,US,2020-04-29 19:53:38,64.86,-147.8,36.0,47,20,8.05,Clouds,0,0
402,Podgorica,ME,2020-04-29 19:51:24,42.44,19.26,62.6,77,20,4.7,Clouds,0,0
403,Bahia Blanca,AR,2020-04-29 19:52:07,-38.72,-62.27,65.88,47,0,10.42,Clear,0,0
404,Mazagao,BR,2020-04-29 19:53:38,-0.12,-51.29,80.6,100,90,4.7,Rain,0,0
405,Akdepe,TM,2020-04-29 19:53:38,42.06,59.38,60.8,59,0,9.17,Clear,0,0
406,Covina,US,2020-04-29 19:53:39,34.09,-117.89,82.0,64,1,8.05,Clear,0,0
407,Kharan,PK,2020-04-29 19:53:39,28.58,65.42,84.87,19,100,0.76,Clouds,0,0
408,Raton,US,2020-04-29 19:53:39,36.9,-104.44,71.01,24,1,9.17,Clear,0,0
409,Roald,NO,2020-04-29 19:53:39,62.58,6.13,45.0,81,84,8.05,Clouds,0,0
410,Eyl,SO,2020-04-29 19:53:39,7.98,49.82,85.14,75,99,11.25,Clouds,0,0
411,Sioux Lookout,CA,2020-04-29 19:53:39,50.1,-91.92,46.4,61,75,2.24,Clouds,0,0
412,Dicabisagan,PH,2020-04-29 19:53:39,17.08,122.42,77.11,83,4,1.74,Clear,0,0
413,Ovsyanka,RU,2020-04-29 19:53:40,55.96,92.55,62.6,51,40,31.32,Clouds,0,0
414,Pareora,NZ,2020-04-29 19:53:40,-44.49,171.21,49.1,49,41,4.0,Clouds,0,0
415,Hobyo,SO,2020-04-29 19:53:40,5.35,48.53,85.87,75,31,18.23,Rain,0,0
416,Pacific Grove,US,2020-04-29 19:51:13,36.62,-121.92,62.01,72,40,5.82,Clouds,0,0
417,Petropavlovsk-Kamchatskiy,RU,2020-04-29 19:53:40,53.05,158.65,30.2,74,0,4.47,Clear,0,0
418,Pucallpa,PE,2020-04-29 19:53:41,-8.38,-74.55,75.2,94,90,3.36,Rain,0,0
419,Mitrofanovka,RU,2020-04-29 19:53:41,49.97,39.69,48.76,62,63,9.22,Clouds,0,0
420,Bathsheba,BB,2020-04-29 19:53:41,13.22,-59.52,86.0,62,40,19.46,Clouds,0,0
421,Salina,US,2020-04-29 19:49:49,38.84,-97.61,68.0,42,75,23.04,Clouds,0,0
422,Goderich,CA,2020-04-29 19:52:04,43.75,-81.72,57.0,86,100,22.79,Rain,0,0
423,Mancio Lima,BR,2020-04-29 19:53:41,-7.61,-72.9,80.6,94,75,8.05,Clouds,0,0
424,Elk City,US,2020-04-29 19:53:42,35.41,-99.4,71.6,20,1,20.8,Clear,0,0
425,Mokhotlong,LS,2020-04-29 19:53:42,-29.29,29.07,43.0,35,61,4.41,Clouds,0,0
426,Borgarnes,IS,2020-04-29 19:53:42,64.54,-21.92,50.0,39,53,14.99,Clouds,0,0
427,Mayo,US,2020-04-29 19:53:42,38.89,-76.51,73.99,72,1,6.93,Clear,0,0
428,Tunggol,PH,2020-04-29 19:53:43,5.84,121.15,80.02,80,90,2.17,Clouds,0,0
429,Fort Nelson,CA,2020-04-29 19:53:43,58.81,-122.7,59.0,22,40,9.17,Clouds,0,0
430,Panguna,PG,2020-04-29 19:53:43,-6.32,155.48,69.85,79,34,1.52,Clouds,0,0
431,Namibe,AO,2020-04-29 19:53:43,-15.2,12.15,75.34,64,0,8.99,Clear,0,0
432,Miedzyrzec Podlaski,PL,2020-04-29 19:53:43,51.99,22.78,50.5,78,100,12.26,Clouds,0,0
433,Barra Patuca,HN,2020-04-29 19:53:44,15.8,-84.28,85.98,62,39,15.21,Clouds,0,0
434,Baghdad,IQ,2020-04-29 19:52:50,33.34,44.4,66.2,63,79,6.93,Clouds,0,0
435,Svetlaya,RU,2020-04-29 19:53:44,46.54,138.33,45.01,69,71,7.2,Clouds,0,0
436,Yenotayevka,RU,2020-04-29 19:53:44,47.25,47.03,54.99,48,0,14.56,Clear,0,0
437,Birjand,IR,2020-04-29 19:51:47,32.87,59.22,64.4,25,75,6.93,Clouds,0,0
438,Manavalakurichi,IN,2020-04-29 19:53:45,8.13,77.3,84.2,74,20,2.24,Haze,0,0
439,Hearst,CA,2020-04-29 19:49:47,49.68,-83.67,51.78,68,100,8.66,Clouds,0,0
440,Puga,MX,2020-04-29 19:53:45,21.58,-104.82,87.8,27,5,7.94,Clear,0,0
441,Kautokeino,NO,2020-04-29 19:53:45,69.01,23.04,16.7,94,55,2.73,Clouds,0,0
442,Gayeri,BF,2020-04-29 19:53:46,12.65,0.49,100.31,18,61,2.48,Clouds,0,0
443,Muroto,JP,2020-04-29 19:53:46,33.28,134.15,62.26,69,0,9.08,Clear,0,0
444,Korhogo,CI,2020-04-29 19:53:46,9.45,-5.63,82.02,59,88,8.5,Rain,0,0
445,Bulancak,TR,2020-04-29 19:53:47,40.94,38.23,57.34,68,85,0.83,Clouds,0,0
446,Okato,NZ,2020-04-29 19:53:47,-39.2,173.88,57.0,87,73,1.99,Clouds,0,0
447,Alofi,NU,2020-04-29 19:53:47,-19.06,-169.92,77.0,88,100,10.29,Clouds,0,0
448,Mahon,ES,2020-04-29 19:52:14,39.89,4.27,59.0,87,0,4.7,Clear,0,0
449,Corralillo,CU,2020-04-29 19:53:47,22.98,-80.59,84.02,62,4,19.6,Clear,0,0
450,Manga,BF,2020-04-29 19:53:48,11.66,-1.07,101.41,20,71,1.57,Clouds,0,0
451,Vestmannaeyjar,IS,2020-04-29 19:53:48,63.44,-20.27,44.73,68,0,2.21,Clear,0,0
452,Mount Gambier,AU,2020-04-29 19:53:48,-37.83,140.77,48.2,93,40,10.29,Rain,0,0
453,Santiago De Chuco,PE,2020-04-29 19:53:48,-8.15,-78.18,59.99,28,75,3.09,Rain,0,0
454,Gobabis,NA,2020-04-29 19:53:48,-22.45,18.97,66.2,45,33,3.36,Clouds,0,0
455,Jalu,LY,2020-04-29 19:53:48,29.03,21.55,79.81,29,0,8.48,Clear,0,0
456,Richards Bay,ZA,2020-04-29 19:53:49,-28.78,32.04,65.97,78,70,2.46,Clouds,0,0
457,Mogadishu,SO,2020-04-29 19:53:49,2.04,45.34,84.43,75,100,14.83,Rain,0,0
458,Westerstede,DE,2020-04-29 19:53:49,53.25,7.93,52.0,10,100,2.55,Clouds,0,0
459,Strai,NO,2020-04-29 19:53:49,58.2,7.9,46.99,75,75,11.41,Clouds,0,0
460,Nichinan,JP,2020-04-29 19:53:50,31.6,131.37,53.01,66,0,3.0,Clear,0,0
461,Matay,EG,2020-04-29 19:53:50,28.42,30.78,71.1,29,0,16.82,Clear,0,0
462,Havre-Saint-Pierre,CA,2020-04-29 19:53:50,50.23,-63.6,48.2,42,1,9.17,Clear,0,0
463,West Milford,US,2020-04-29 19:53:50,41.13,-74.37,55.99,69,96,1.01,Clouds,0,0
464,Pleasanton,US,2020-04-29 19:53:02,37.66,-121.87,71.01,55,1,10.29,Clear,0,0
465,Kousseri,CM,2020-04-29 19:53:50,12.08,15.03,98.6,20,32,3.09,Clouds,0,0
466,San Carlos De Bariloche,AR,2020-04-29 19:51:29,-41.15,-71.31,57.2,41,63,8.05,Clouds,0,0
467,Krasnyy Luch,UA,2020-04-29 19:53:51,48.14,38.94,46.9,49,0,4.16,Clear,0,0
468,Xingtai,CN,2020-04-29 19:53:51,37.06,114.49,66.79,33,0,2.33,Clear,0,0
469,Mayna,RU,2020-04-29 19:53:51,54.11,47.62,50.99,73,100,18.23,Rain,0,0
470,Torbay,CA,2020-04-29 19:53:51,47.67,-52.73,36.0,74,75,20.8,Clouds,0,0
471,Adrar,MR,2020-04-29 19:53:51,20.5,-10.07,92.08,13,26,22.26,Clouds,0,0
472,Inhambane,MZ,2020-04-29 19:53:52,-23.86,35.38,71.6,88,20,6.29,Clouds,0,0
473,Paamiut,GL,2020-04-29 19:53:52,61.99,-49.67,37.56,76,0,27.47,Clear,0,0
474,Westport,US,2020-04-29 19:53:52,41.14,-73.36,51.8,76,90,13.87,Clouds,0,0
475,Changli,CN,2020-04-29 19:53:52,39.7,119.15,57.51,66,80,0.72,Clouds,0,0
476,Najran,SA,2020-04-29 19:53:52,17.49,44.13,78.8,57,75,11.41,Thunderstorm,0,0
477,Dudinka,RU,2020-04-29 19:53:53,69.41,86.18,15.8,85,75,20.13,Clouds,0,0
478,Doha,QA,2020-04-29 19:51:22,25.29,51.53,86.0,62,75,10.29,Clouds,0,0
479,Alice Springs,AU,2020-04-29 19:52:36,-23.7,133.88,55.4,40,8,10.29,Clear,0,0
480,Umtata,ZA,2020-04-29 19:53:53,-31.59,28.78,57.2,67,97,8.05,Clouds,0,0
481,Talnakh,RU,2020-04-29 19:53:53,69.49,88.4,15.8,85,75,20.13,Clouds,0,0
482,Nanortalik,GL,2020-04-29 19:53:54,60.14,-45.24,37.09,80,0,7.99,Clear,0,0
483,Gambela,ET,2020-04-29 19:53:54,8.25,34.58,77.85,67,100,1.72,Clouds,0,0
484,Nome,US,2020-04-29 19:53:54,64.5,-165.41,26.6,73,1,5.82,Clear,0,0
485,Troitskoye,RU,2020-04-29 19:53:54,52.98,84.68,56.64,75,99,6.98,Clouds,0,0
486,Kitimat,CA,2020-04-29 19:53:55,54.05,-128.65,52.0,77,98,0.22,Clouds,0,0
487,Paducah,US,2020-04-29 19:49:25,37.08,-88.6,61.0,63,75,6.93,Rain,0,0
488,Prince Rupert,CA,2020-04-29 19:53:55,54.32,-130.32,53.6,56,1,13.87,Clear,0,0
489,Cenei,RO,2020-04-29 19:53:55,45.72,20.9,62.01,93,40,5.82,Rain,0,0
490,Arlit,NE,2020-04-29 19:53:56,18.74,7.39,99.0,7,0,12.91,Clear,0,0
491,Coxim,BR,2020-04-29 19:53:56,-18.51,-54.76,85.93,53,4,3.29,Clear,0,0
492,Pingxiang,CN,2020-04-29 19:53:56,27.62,113.85,70.32,60,100,2.39,Clouds,0,0
493,Komsomolskiy,UZ,2020-04-29 19:53:56,40.43,71.72,60.8,72,100,18.34,Clouds,0,0
494,Hazorasp,UZ,2020-04-29 19:53:56,41.32,61.07,60.8,55,1,11.41,Clear,0,0
495,Mapiripan,CO,2020-04-29 19:53:57,2.89,-72.13,90.05,49,59,4.12,Clouds,0,0
496,Sorland,NO,2020-04-29 19:53:57,67.67,12.69,37.72,74,0,12.48,Clear,0,0
497,Taft,IR,2020-04-29 19:53:57,31.75,54.21,64.4,52,75,11.41,Clouds,0,0
498,Muros,ES,2020-04-29 19:53:57,42.78,-9.06,57.0,84,100,18.99,Rain,0,0
499,Tual,ID,2020-04-29 19:53:58,-5.67,132.75,82.53,80,100,14.67,Rain,0,0
500,Poso,ID,2020-04-29 19:53:58,-1.4,120.75,78.22,81,83,5.14,Rain,0,0
501,Basar,IN,2020-04-29 19:53:58,27.98,94.67,62.71,74,100,1.32,Rain,0,0
502,Anadyr,RU,2020-04-29 19:53:58,64.75,177.48,26.6,79,90,6.71,Snow,0,0
503,Itum-Kale,RU,2020-04-29 19:53:58,42.74,45.58,45.99,40,3,8.32,Clear,0,0
504,Bud,US,2020-04-29 19:53:59,39.45,-86.18,57.99,71,75,13.87,Clouds,0,0
505,Constitucion,CL,2020-04-29 19:53:59,-35.33,-72.42,62.15,58,0,16.24,Clear,0,0
506,Dawei,MM,2020-04-29 19:53:59,14.08,98.2,77.49,84,47,3.0,Clouds,0,0
507,San Policarpo,PH,2020-04-29 19:53:59,12.18,125.51,81.09,84,58,12.28,Rain,0,0
508,Takab,IR,2020-04-29 19:53:59,36.4,47.11,48.45,43,100,1.9,Clouds,0,0
509,Venice,US,2020-04-29 19:54:00,27.1,-82.45,90.0,65,0,12.75,Clear,0,0
510,Kawalu,ID,2020-04-29 19:54:00,-7.38,108.21,72.5,83,100,0.43,Clouds,0,0
511,Lompoc,US,2020-04-29 19:54:00,34.64,-120.46,68.0,68,1,18.34,Clear,0,0
512,Nantucket,US,2020-04-29 19:53:06,41.28,-70.1,51.8,40,1,11.41,Clear,0,0
513,Nador,MA,2020-04-29 19:50:27,35.17,-2.93,66.2,55,0,12.75,Clear,0,0
514,Safford,US,2020-04-29 19:54:01,32.83,-109.71,93.2,10,1,11.41,Clear,0,0
515,Bosaso,SO,2020-04-29 19:54:01,11.28,49.18,87.94,67,79,3.76,Clouds,0,0
516,Aykhal,RU,2020-04-29 19:54:01,66.0,111.5,21.2,62,100,4.47,Clouds,0,0
517,Along,IN,2020-04-29 19:54:01,28.17,94.77,64.74,74,99,0.87,Rain,0,0
518,Enid,US,2020-04-29 19:53:05,36.4,-97.88,70.0,37,1,23.04,Clear,0,0
519,Saint-Augustin,CA,2020-04-29 19:54:02,51.23,-58.65,45.81,67,10,1.7,Clear,0,0
520,Yeniseysk,RU,2020-04-29 19:54:02,58.45,92.17,56.82,85,100,13.44,Rain,0,0
521,Langsa,ID,2020-04-29 19:54:02,4.47,97.97,75.29,94,100,2.62,Clouds,0,0
522,Leo,BF,2020-04-29 19:54:02,11.1,-2.1,93.78,28,47,6.93,Clouds,0,0
523,Zliv,CZ,2020-04-29 19:54:02,49.07,14.37,51.01,77,100,6.49,Clouds,0,0
524,Bielsk Podlaski,PL,2020-04-29 19:54:03,52.77,23.19,48.99,76,100,9.6,Clouds,0,0
525,Estrela,BR,2020-04-29 19:54:03,-28.06,-50.94,70.18,56,100,4.94,Rain,0,0
526,Izhma,RU,2020-04-29 19:54:04,65.01,53.91,33.1,93,98,5.73,Clouds,0,0
527,Cochrane,CA,2020-04-29 19:54:04,51.18,-114.47,64.0,27,75,14.99,Clouds,0,0
528,Kenai,US,2020-04-29 19:54:04,60.55,-151.26,46.99,52,1,3.36,Clear,0,0
529,Carutapera,BR,2020-04-29 19:54:04,-1.2,-46.02,81.41,81,100,8.03,Rain,0,0
530,Sri Aman,MY,2020-04-29 19:54:04,1.24,111.46,78.8,94,68,0.56,Clouds,0,0
531,Sarangani,PH,2020-04-29 19:54:05,5.4,125.46,81.86,78,100,11.86,Clouds,0,0
532,Atbasar,KZ,2020-04-29 19:54:05,51.8,68.33,48.45,71,100,13.6,Rain,0,0
533,Port Lincoln,AU,2020-04-29 19:54:05,-34.73,135.87,53.69,69,55,21.88,Rain,0,0
534,Pavlodar,KZ,2020-04-29 19:54:05,52.3,76.95,48.2,76,0,4.47,Clear,0,0
535,Poopo,BO,2020-04-29 19:54:05,-18.37,-66.97,66.2,42,40,4.7,Clouds,0,0
536,Hovd,MN,2020-04-29 19:54:06,48.01,91.64,64.27,24,100,9.22,Clouds,0,0
537,Hambantota,LK,2020-04-29 19:54:06,6.12,81.12,80.17,84,90,4.68,Clouds,0,0
538,Katsuura,JP,2020-04-29 19:54:06,35.13,140.3,57.2,82,20,9.17,Clouds,0,0
539,Chornukhy,UA,2020-04-29 19:54:06,50.27,32.94,53.8,68,16,13.29,Clouds,0,0
540,Sabang,ID,2020-04-29 19:54:06,5.89,95.32,82.9,74,100,3.13,Rain,0,0
541,Davila,PH,2020-04-29 19:54:07,18.47,120.58,79.5,75,79,5.79,Clouds,0,0
542,Nuevo Progreso,MX,2020-04-29 19:54:07,23.17,-97.95,96.01,49,0,4.0,Clear,0,0
543,Moerai,PF,2020-04-29 19:54:07,-22.43,-151.33,76.3,77,89,10.2,Clouds,0,0
544,Namie,JP,2020-04-29 19:54:07,37.48,141.0,46.0,90,0,1.01,Clear,0,0
545,Shache,CN,2020-04-29 19:54:07,38.42,77.24,67.5,14,15,1.72,Clouds,0,0
546,Kasongo-Lunda,CD,2020-04-29 19:54:07,-6.47,16.82,74.21,76,84,0.47,Rain,0,0
547,Kalamare,BW,2020-04-29 19:54:08,-22.93,26.57,58.33,57,0,3.09,Clear,0,0
548,Envira,BR,2020-04-29 19:54:08,-7.3,-70.22,82.38,81,100,2.35,Rain,0,0
549,Asyut,EG,2020-04-29 19:54:08,27.18,31.18,72.05,21,0,10.92,Clear,0,0
550,Alibag,IN,2020-04-29 19:54:08,18.64,72.88,86.0,79,75,5.82,Haze,0,0
551,Irece,BR,2020-04-29 19:49:41,-11.3,-41.86,76.6,53,73,11.14,Clouds,0,0
552,Tibati,CM,2020-04-29 19:54:09,6.47,12.63,73.13,65,39,4.16,Rain,0,0
553,Turukhansk,RU,2020-04-29 19:54:09,65.82,87.98,18.59,92,0,10.54,Clear,0,0
554,El Vigia,VE,2020-04-29 19:54:09,8.62,-71.65,86.38,61,100,2.44,Rain,0,0
555,Amparafaravola,MG,2020-04-29 19:54:09,-17.58,48.22,60.37,74,36,5.19,Clouds,0,0
556,Vani,GE,2020-04-29 19:54:09,42.08,42.52,62.6,48,0,26.4,Clear,0,0
