City_ID,City,Country,Date,Lat,Lng,Max Temp,Humidity,Cloudiness,Wind Speed
0,Avarua,CK,2020-04-20 21:10:58,-21.21,-159.78,82.4,74,4,16.11
1,Vaini,TO,2020-04-20 21:11:00,-21.2,-175.2,78.8,83,75,8.05
2,Sinnamary,GF,2020-04-20 21:13:33,5.38,-52.95,79.79,83,100,8.08
3,Marsh Harbour,BS,2020-04-20 21:13:33,26.54,-77.06,83.86,68,100,22.88
4,Butaritari,KI,2020-04-20 21:10:53,3.07,172.79,82.44,79,100,13.15
5,Banepa,NP,2020-04-20 21:13:33,27.63,85.52,59.0,77,75,2.24
6,Rikitea,PF,2020-04-20 21:10:52,-23.12,-134.97,76.05,74,29,4.76
7,Ponta Pora,BR,2020-04-20 21:13:34,-22.54,-55.73,78.8,57,20,4.7
8,Carmo Do Paranaiba,BR,2020-04-20 21:13:34,-19.0,-46.32,69.01,100,26,5.06
9,Oistins,BB,2020-04-20 21:12:31,13.07,-59.53,77.0,78,75,18.34
10,Longyearbyen,SJ,2020-04-20 21:10:56,78.22,15.64,23.0,57,40,33.33
11,College,US,2020-04-20 21:13:34,64.86,-147.8,39.99,100,90,3.36
12,Qaanaaq,GL,2020-04-20 21:10:52,77.48,-69.36,10.53,85,52,6.64
13,Jalu,LY,2020-04-20 21:12:47,29.03,21.55,80.46,16,0,16.35
14,Cape Town,ZA,2020-04-20 21:10:06,-33.93,18.42,60.01,93,75,2.24
15,Nadym,RU,2020-04-20 21:13:35,65.53,72.52,33.13,96,96,8.14
16,Guhagar,IN,2020-04-20 21:13:35,17.48,73.19,83.95,65,51,4.43
17,Bredasdorp,ZA,2020-04-20 21:10:52,-34.53,20.04,62.6,63,100,2.24
18,Vitim,RU,2020-04-20 21:13:35,59.45,112.56,18.05,93,8,1.1
19,Upernavik,GL,2020-04-20 21:10:54,72.79,-56.15,30.45,90,99,7.36
20,Port-Gentil,GA,2020-04-20 21:11:41,-0.72,8.78,77.0,94,20,10.54
21,Punta Arenas,CL,2020-04-20 21:10:59,-53.15,-70.92,50.0,66,75,31.09
22,Kapaa,US,2020-04-20 21:09:53,22.08,-159.32,78.8,69,1,11.41
23,Kerema,PG,2020-04-20 21:11:51,-7.96,145.78,77.95,87,56,4.23
24,Eusebio,BR,2020-04-20 21:13:37,-3.89,-38.45,84.2,70,20,5.82
25,Victoria,HK,2020-04-20 21:11:47,22.29,114.16,77.0,83,40,8.05
26,Talnakh,RU,2020-04-20 21:11:03,69.49,88.4,32.0,92,90,20.13
27,Mahebourg,MU,2020-04-20 21:11:03,-20.41,57.7,75.2,88,75,12.75
28,Puerto Ayora,EC,2020-04-20 21:11:40,-0.74,-90.35,86.0,66,75,19.46
29,Nikolskoye,RU,2020-04-20 21:10:59,59.7,30.79,42.01,80,94,4.47
30,Jilib,SO,2020-04-20 21:13:38,0.49,42.79,79.14,85,100,7.76
31,Mount Gambier,AU,2020-04-20 21:12:03,-37.83,140.77,48.2,93,75,10.29
32,Valle De Allende,MX,2020-04-20 21:13:38,26.93,-105.4,88.14,6,2,5.68
33,Mehamn,NO,2020-04-20 21:12:33,71.04,27.85,39.2,60,75,28.86
34,Ushuaia,AR,2020-04-20 21:10:54,-54.8,-68.3,44.6,81,75,33.33
35,Mamlyutka,KZ,2020-04-20 21:13:39,54.94,68.54,51.6,83,100,7.27
36,Namibe,AO,2020-04-20 21:13:39,-15.2,12.15,75.4,71,23,4.29
37,Southbridge,US,2020-04-20 21:12:30,42.08,-72.03,53.01,31,1,6.06
38,Bireun,ID,2020-04-20 21:13:39,5.2,96.7,79.77,77,13,4.32
39,Petropavlovsk-Kamchatskiy,RU,2020-04-20 21:12:00,53.05,158.65,30.2,54,81,8.95
40,Bluefields,NI,2020-04-20 21:13:40,12.01,-83.76,86.0,70,20,6.93
41,Tilichiki,RU,2020-04-20 21:10:51,60.47,166.1,16.34,92,79,8.57
42,Birao,CF,2020-04-20 21:11:01,10.28,22.79,84.27,29,49,2.66
43,Faanui,PF,2020-04-20 21:11:40,-16.48,-151.75,81.9,77,91,19.55
44,Broome,US,2020-04-20 21:13:40,42.25,-75.83,53.01,39,1,4.83
45,Busselton,AU,2020-04-20 21:10:51,-33.65,115.33,61.0,67,18,10.49
46,Lebu,CL,2020-04-20 21:12:28,-37.62,-73.65,58.78,63,43,17.11
47,Umm Lajj,SA,2020-04-20 21:13:41,25.02,37.27,77.11,42,0,2.44
48,Jakar,BT,2020-04-20 21:13:41,27.55,90.75,41.83,35,100,2.86
49,Porbandar,IN,2020-04-20 21:13:41,21.64,69.61,78.73,83,0,9.91
50,Jamestown,US,2020-04-20 21:10:53,42.1,-79.24,51.01,39,1,6.93
51,Auki,SB,2020-04-20 21:13:41,-8.77,160.7,82.18,77,59,7.45
52,Matagami,CA,2020-04-20 21:13:41,49.75,-77.63,30.2,46,90,21.92
53,Isangel,VU,2020-04-20 21:11:48,-19.55,169.27,80.37,82,100,6.4
54,Villacarrillo,ES,2020-04-20 21:13:42,38.12,-3.08,55.0,75,55,3.85
55,Atuona,PF,2020-04-20 21:09:31,-9.8,-139.03,82.76,71,3,12.86
56,Torbay,CA,2020-04-20 21:11:34,47.67,-52.73,42.01,78,20,35.57
57,Klaksvik,FO,2020-04-20 21:12:02,62.23,-6.59,41.0,93,0,3.36
58,Ola,RU,2020-04-20 21:08:45,59.58,151.28,11.73,84,0,6.4
59,Yellowknife,CA,2020-04-20 21:10:52,62.46,-114.35,21.2,53,75,11.41
60,Mataura,NZ,2020-04-20 21:10:56,-46.19,168.86,43.0,96,89,1.99
61,Albany,US,2020-04-20 21:07:57,42.6,-73.97,52.0,23,75,6.93
62,Shadrinsk,RU,2020-04-20 21:13:43,56.09,63.63,45.7,91,72,3.87
63,Coihaique,CL,2020-04-20 21:11:44,-45.58,-72.07,51.8,50,20,3.36
64,Ribeira Grande,PT,2020-04-20 21:11:37,38.52,-28.7,60.8,77,40,18.34
65,Necochea,AR,2020-04-20 21:12:38,-38.55,-58.74,62.01,83,100,14.0
66,San Patricio,MX,2020-04-20 21:10:56,19.22,-104.7,86.0,74,20,17.22
67,Hilo,US,2020-04-20 21:11:48,19.73,-155.09,77.0,83,5,7.0
68,Den Helder,NL,2020-04-20 21:13:44,52.96,4.76,54.0,62,0,20.0
69,Narsaq,GL,2020-04-20 21:11:44,60.92,-46.05,37.4,37,25,2.24
70,Hobart,AU,2020-04-20 21:07:44,-42.88,147.33,50.0,71,75,8.05
71,Chokurdakh,RU,2020-04-20 21:11:46,70.63,147.92,19.6,98,100,6.44
72,Biak,ID,2020-04-20 21:11:16,-0.91,122.88,80.69,73,90,3.24
73,Umm Kaddadah,SD,2020-04-20 21:13:44,13.6,26.69,78.46,14,31,5.88
74,Mar Del Plata,AR,2020-04-20 21:10:35,-38.0,-57.56,69.8,56,100,8.05
75,Kavaratti,IN,2020-04-20 21:11:47,10.57,72.64,85.32,69,99,5.12
76,Morant Bay,JM,2020-04-20 21:11:30,17.88,-76.41,87.01,70,20,16.11
77,Surt,LY,2020-04-20 21:13:06,31.21,16.59,69.69,53,0,3.31
78,Saint George,US,2020-04-20 21:07:12,37.1,-113.58,73.0,28,1,5.79
79,New Norfolk,AU,2020-04-20 21:10:41,-42.78,147.06,48.99,85,23,4.32
80,Hermanus,ZA,2020-04-20 21:11:04,-34.42,19.23,57.0,99,100,8.52
81,Vila Velha,BR,2020-04-20 21:09:54,-20.33,-40.29,77.0,69,75,11.41
82,Bathsheba,BB,2020-04-20 21:13:45,13.22,-59.52,77.0,78,75,18.34
83,Krasnotorka,UA,2020-04-20 21:13:46,48.68,37.53,40.75,66,0,8.48
84,Ilhabela,BR,2020-04-20 21:10:30,-23.78,-45.36,72.79,71,10,5.44
85,Tuktoyaktuk,CA,2020-04-20 21:10:28,69.45,-133.04,6.8,77,90,12.75
86,Saskylakh,RU,2020-04-20 21:10:55,71.92,114.08,24.67,98,70,11.45
87,Lompoc,US,2020-04-20 21:11:37,34.64,-120.46,64.4,63,20,12.75
88,Sioux Lookout,CA,2020-04-20 21:11:46,50.1,-91.92,26.6,73,75,16.11
89,Oranjemund,NA,2020-04-20 21:11:24,-28.55,16.43,60.06,86,15,6.78
90,Bluff,NZ,2020-04-20 21:11:32,-46.6,168.33,43.0,96,78,1.99
91,Port Said,EG,2020-04-20 21:09:22,31.26,32.28,66.2,77,60,13.87
92,Santiago Del Estero,AR,2020-04-20 21:12:00,-27.8,-64.26,85.53,34,0,6.13
93,Boueni,YT,2020-04-20 21:13:47,-12.9,45.08,82.4,78,75,3.36
94,Saldanha,ZA,2020-04-20 21:10:45,-33.01,17.94,62.6,77,100,3.36
95,Buala,SB,2020-04-20 21:13:47,-8.14,159.59,82.72,76,82,5.19
96,Luderitz,NA,2020-04-20 21:11:22,-26.65,15.16,64.4,72,0,10.29
97,Antofagasta,CL,2020-04-20 21:13:48,-23.65,-70.4,66.2,68,0,11.41
98,La Palma,US,2020-04-20 21:13:48,33.85,-118.05,70.0,52,90,4.7
99,Beringovskiy,RU,2020-04-20 21:12:16,63.05,179.32,12.72,94,85,13.98
100,Bethel,US,2020-04-20 21:11:42,41.37,-73.41,55.99,34,1,6.93
101,Pangnirtung,CA,2020-04-20 21:11:00,66.15,-65.71,12.2,92,90,4.36
102,Iqaluit,CA,2020-04-20 21:10:54,63.75,-68.51,3.2,65,40,19.46
103,Port Arthur,CN,2020-04-20 21:12:24,38.8,121.27,42.8,30,0,15.66
104,Baft,IR,2020-04-20 21:13:49,29.23,56.61,55.85,34,98,2.77
105,Ambilobe,MG,2020-04-20 21:12:00,-13.2,49.05,73.76,79,72,6.73
106,Mabaruma,GY,2020-04-20 21:13:49,8.2,-59.78,80.87,77,88,7.38
107,Norman Wells,CA,2020-04-20 21:11:29,65.28,-126.83,32.0,96,90,6.93
108,Vestmanna,FO,2020-04-20 21:13:50,62.16,-7.17,41.0,93,0,3.36
109,Tasiilaq,GL,2020-04-20 21:11:19,65.61,-37.64,33.8,87,100,6.93
110,Hamilton,US,2020-04-20 21:12:44,39.18,-84.53,66.0,27,1,11.41
111,Ilulissat,GL,2020-04-20 21:11:52,69.22,-51.1,30.2,68,42,3.36
112,Catuday,PH,2020-04-20 21:13:50,16.29,119.81,80.15,81,89,5.91
113,Presidencia Roque Saenz Pena,AR,2020-04-20 21:11:39,-26.79,-60.44,82.36,41,0,3.85
114,Faya,SA,2020-04-20 21:08:13,18.39,42.45,60.8,62,62,6.93
115,Abnub,EG,2020-04-20 21:13:51,27.27,31.15,71.6,40,64,10.29
116,Carnarvon,AU,2020-04-20 21:11:44,-24.87,113.63,68.0,60,40,13.87
117,Saint-Philippe,RE,2020-04-20 21:10:54,-21.36,55.77,73.4,73,66,6.93
118,East London,ZA,2020-04-20 21:11:51,-33.02,27.91,72.68,71,90,13.69
119,Tommot,RU,2020-04-20 21:11:42,58.96,126.29,11.89,91,32,2.26
120,Sainte-Maxime,FR,2020-04-20 21:13:51,43.3,6.63,59.0,93,75,8.05
121,Kruisfontein,ZA,2020-04-20 21:11:44,-34.0,24.73,62.53,74,98,15.01
122,Castro,BR,2020-04-20 21:10:17,-24.79,-50.01,61.68,54,2,2.13
123,Koslan,RU,2020-04-20 21:13:52,63.46,48.9,30.65,95,2,2.48
124,Vanavara,RU,2020-04-20 21:11:53,60.34,102.28,24.75,92,0,2.3
125,San Cristobal,VE,2020-04-20 21:11:38,7.77,-72.22,93.2,46,20,11.41
126,Paamiut,GL,2020-04-20 21:10:57,61.99,-49.67,28.85,89,37,6.15
127,Barrow,US,2020-04-20 21:10:02,71.29,-156.79,1.4,91,90,9.17
128,Dikson,RU,2020-04-20 21:11:29,73.51,80.55,31.08,97,100,22.64
129,Si Satchanalai,TH,2020-04-20 21:13:53,17.52,99.76,84.99,54,21,0.89
130,Lazaro Cardenas,MX,2020-04-20 21:11:52,17.96,-102.2,83.03,62,0,9.6
131,Saint-Pierre,RE,2020-04-20 21:12:54,-21.34,55.48,73.4,69,76,10.29
132,Tuatapere,NZ,2020-04-20 21:12:09,-46.13,167.68,43.0,96,98,1.99
133,Airdrie,GB,2020-04-20 21:13:53,55.87,-3.98,46.4,70,0,16.11
134,Bermeo,ES,2020-04-20 21:13:54,43.42,-2.72,57.99,93,40,1.57
135,Khatanga,RU,2020-04-20 21:10:40,71.97,102.5,22.66,95,100,5.26
136,Guerrero Negro,MX,2020-04-20 21:10:49,27.98,-114.06,67.75,53,78,18.43
137,Ulladulla,AU,2020-04-20 21:13:54,-35.35,150.47,53.6,81,40,5.82
138,Bogorodskoye,RU,2020-04-20 21:13:54,56.55,37.88,32.32,87,0,6.93
139,Te Anau,NZ,2020-04-20 21:11:32,-45.42,167.72,48.15,72,93,2.55
140,La Asuncion,VE,2020-04-20 21:13:55,11.03,-63.86,82.04,68,81,15.9
141,Geraldton,AU,2020-04-20 21:10:56,-28.77,114.6,53.6,87,1,9.17
142,Saint-Leu,RE,2020-04-20 21:13:55,-21.15,55.28,73.4,69,39,10.29
143,Yerbogachen,RU,2020-04-20 21:13:55,61.28,108.01,23.38,93,3,4.23
144,Muroto,JP,2020-04-20 21:11:20,33.28,134.15,60.42,63,51,8.37
145,Maragogi,BR,2020-04-20 21:12:05,-9.01,-35.22,79.79,84,15,10.29
146,Lorengau,PG,2020-04-20 21:11:01,-2.02,147.27,82.67,74,23,3.0
147,Homer,US,2020-04-20 21:13:56,59.64,-151.55,46.4,75,90,8.05
148,Bodaybo,RU,2020-04-20 21:13:56,57.85,114.19,14.32,86,31,1.05
149,Nuuk,GL,2020-04-20 21:13:56,64.18,-51.72,39.2,38,11,3.36
150,Cidreira,BR,2020-04-20 21:11:05,-30.18,-50.21,69.4,81,0,10.07
151,Road Town,VG,2020-04-20 21:12:12,18.42,-64.62,84.2,66,90,9.17
152,Uige,AO,2020-04-20 21:13:56,-7.61,15.06,69.66,73,99,0.98
153,Ayan,RU,2020-04-20 21:08:30,56.45,138.17,21.61,89,100,7.14
154,San Jose,US,2020-04-20 21:12:22,37.34,-121.89,64.99,55,75,14.99
155,Turukhansk,RU,2020-04-20 21:13:57,65.82,87.98,33.93,97,100,6.64
156,Georgetown,MY,2020-04-20 21:11:08,5.41,100.34,80.6,100,20,4.85
157,Margate,GB,2020-04-20 21:11:43,51.38,1.39,54.0,72,2,29.06
158,Le Port,RE,2020-04-20 21:13:57,-20.94,55.29,75.2,78,26,17.22
159,Barre,US,2020-04-20 21:13:58,44.2,-72.5,51.01,22,1,6.93
160,Boralday,KZ,2020-04-20 21:13:58,43.36,76.86,51.8,66,20,2.24
161,Pevek,RU,2020-04-20 21:11:44,69.7,170.31,5.18,93,99,5.91
162,Kaitangata,NZ,2020-04-20 21:08:49,-46.28,169.85,44.01,84,76,4.0
163,Marawi,PH,2020-04-20 21:13:59,8.0,124.29,68.18,74,0,3.4
164,Alexandria,EG,2020-04-20 21:10:12,31.22,29.96,64.4,77,100,8.05
165,Thompson,CA,2020-04-20 21:12:08,55.74,-97.86,21.2,62,75,13.87
166,Bagrami,AF,2020-04-20 21:13:59,34.49,69.27,46.4,81,0,4.7
167,Seddon,AU,2020-04-20 21:13:59,-37.81,144.89,46.4,87,1,8.05
168,Nova Olimpia,BR,2020-04-20 21:14:00,-14.8,-57.29,79.79,84,100,1.95
169,Kodiak,US,2020-04-20 21:10:57,57.79,-152.41,44.6,93,90,5.82
170,Hirara,JP,2020-04-20 21:14:00,24.8,125.28,73.99,91,63,8.08
171,Rameshki,RU,2020-04-20 21:14:00,57.34,36.05,32.31,89,0,5.19
172,Airai,TL,2020-04-20 21:10:32,-8.93,125.41,60.89,71,71,3.0
173,Ponta Delgada,PT,2020-04-20 21:14:01,37.73,-25.67,59.0,67,20,4.7
174,Bairiki,KI,2020-04-20 21:14:01,1.33,172.98,84.2,74,40,6.93
175,Akom,CM,2020-04-20 21:14:01,2.67,12.71,69.17,77,75,2.59
176,Pisco,PE,2020-04-20 21:11:30,-13.7,-76.22,75.2,64,0,21.92
177,Tigil,RU,2020-04-20 21:14:02,57.8,158.67,12.56,94,89,1.25
178,Cascais,PT,2020-04-20 21:14:02,38.7,-9.42,57.0,82,20,5.82
179,Sheridan,US,2020-04-20 21:14:03,44.83,-106.92,62.6,27,1,16.11
180,Kloulklubed,PW,2020-04-20 21:11:51,7.04,134.26,80.6,83,75,4.7
181,Roebourne,AU,2020-04-20 21:14:03,-20.78,117.13,80.83,68,100,8.84
182,Arraial Do Cabo,BR,2020-04-20 21:11:05,-22.97,-42.03,77.0,69,1,9.17
183,Tiksi,RU,2020-04-20 21:11:30,71.69,128.87,19.53,94,95,3.87
184,Yaan,NG,2020-04-20 21:14:04,7.38,8.57,84.24,57,47,8.16
185,Provideniya,RU,2020-04-20 21:11:32,64.38,-173.3,17.6,78,75,8.95
186,Taltal,CL,2020-04-20 21:14:04,-25.4,-70.48,70.54,59,1,3.78
187,Grootfontein,NA,2020-04-20 21:13:37,-19.57,18.12,61.97,30,3,5.66
188,Shakawe,BW,2020-04-20 21:14:05,-18.37,21.85,65.07,35,100,5.14
189,Shelburne,CA,2020-04-20 21:13:51,44.08,-80.2,51.8,32,40,13.87
190,Mahibadhoo,MV,2020-04-20 21:14:05,3.78,72.97,85.08,74,83,7.58
191,Vila Franca Do Campo,PT,2020-04-20 21:11:33,37.72,-25.43,59.0,67,20,4.7
192,Yamada,JP,2020-04-20 21:10:55,39.47,141.95,49.55,80,94,8.66
193,Dawei,MM,2020-04-20 21:14:05,14.08,98.2,79.61,66,46,2.91
194,Takoradi,GH,2020-04-20 21:11:41,4.88,-1.76,82.33,80,1,10.98
195,Kosino,RU,2020-04-20 21:14:06,58.41,51.28,34.61,84,62,4.99
196,Pacific Grove,US,2020-04-20 21:09:38,36.62,-121.92,60.8,67,90,9.17
197,Hazorasp,UZ,2020-04-20 21:09:31,41.32,61.07,64.4,39,0,4.7
198,Thinadhoo,MV,2020-04-20 21:14:06,0.53,72.93,84.49,75,75,9.04
199,Lahaina,US,2020-04-20 21:14:07,20.88,-156.68,80.6,61,20,9.17
200,Olinda,BR,2020-04-20 21:12:28,-8.01,-34.86,78.8,88,75,9.17
201,Turan,VN,2020-04-20 21:14:07,16.07,108.22,78.8,88,40,2.24
202,Qesarya,IL,2020-04-20 21:14:07,32.52,34.9,66.2,63,0,4.7
203,Gangawati,IN,2020-04-20 21:14:07,15.43,76.53,80.74,28,86,5.61
204,Kishtwar,IN,2020-04-20 21:14:07,33.32,75.77,47.77,30,93,4.99
205,Sitka,US,2020-04-20 21:11:05,57.05,-135.33,44.6,87,90,16.11
206,Svetlyy,RU,2020-04-20 21:14:08,54.67,20.13,41.0,86,0,4.47
207,Inta,RU,2020-04-20 21:14:09,66.03,60.17,32.16,94,89,10.07
208,Novyy Urgal,RU,2020-04-20 21:14:09,51.07,132.56,31.51,76,100,11.59
209,Haines Junction,CA,2020-04-20 21:14:09,60.75,-137.51,41.45,60,100,8.25
210,Lasa,IT,2020-04-20 21:12:16,46.62,10.7,44.6,100,75,9.17
211,Fort Frances,CA,2020-04-20 21:14:10,48.6,-93.4,34.0,40,90,20.8
212,Gusinoye Ozero,RU,2020-04-20 21:14:10,51.11,106.26,20.59,79,0,3.56
213,Cabo San Lucas,MX,2020-04-20 21:10:59,22.89,-109.91,81.0,44,5,8.05
214,Shache,CN,2020-04-20 21:12:27,38.42,77.24,54.23,45,57,2.44
215,Dingle,PH,2020-04-20 21:12:08,11.0,122.67,79.7,82,97,6.62
216,Tautira,PF,2020-04-20 21:14:11,-17.73,-149.15,87.8,62,47,6.93
217,Hithadhoo,MV,2020-04-20 21:08:32,-0.6,73.08,84.67,69,62,8.08
218,Maniitsoq,GL,2020-04-20 21:12:36,65.42,-52.9,31.1,87,39,6.13
219,Nishihara,JP,2020-04-20 21:11:41,26.18,127.76,68.0,88,75,4.7
220,Sterling,US,2020-04-20 21:13:29,39.01,-77.43,64.0,44,75,3.36
221,Luanda,AO,2020-04-20 21:12:58,-8.84,13.23,80.6,88,40,5.82
222,Victor Harbor,AU,2020-04-20 21:14:12,-35.57,138.62,53.01,86,11,11.41
223,Hobyo,SO,2020-04-20 21:14:12,5.35,48.53,84.52,73,98,12.21
224,Port Lincoln,AU,2020-04-20 21:11:34,-34.73,135.87,59.32,76,27,15.88
225,Caravelas,BR,2020-04-20 21:11:45,-17.71,-39.25,76.26,80,24,13.73
226,Bengkulu,ID,2020-04-20 21:11:28,-3.8,102.27,78.21,80,59,4.88
227,Laguna,US,2020-04-20 21:11:51,38.42,-121.42,69.01,52,75,6.93
228,Vredefort,ZA,2020-04-20 21:14:12,-27.01,27.36,60.55,31,0,1.07
229,Touros,BR,2020-04-20 21:11:50,-5.2,-35.46,80.6,83,40,11.41
230,Rio Grande City,US,2020-04-20 21:14:13,26.38,-98.82,99.0,32,43,3.0
231,Rocha,UY,2020-04-20 21:12:10,-34.48,-54.33,66.13,76,0,2.21
232,Porto Walter,BR,2020-04-20 21:11:05,-8.27,-72.74,89.44,39,3,1.83
233,Kongolo,CD,2020-04-20 21:14:13,-5.38,27.0,71.24,80,95,1.16
234,Nouadhibou,MR,2020-04-20 21:08:49,20.93,-17.03,69.8,64,0,18.34
235,Kununurra,AU,2020-04-20 21:14:14,-15.77,128.73,73.4,94,46,3.36
236,Lafia,NG,2020-04-20 21:14:14,8.48,8.52,85.42,54,96,1.88
237,San Quintin,MX,2020-04-20 21:14:14,30.48,-115.95,65.25,61,8,19.77
238,Kavieng,PG,2020-04-20 21:11:36,-2.57,150.8,84.24,71,73,0.54
239,Belmonte,BR,2020-04-20 21:10:54,-15.86,-38.88,77.0,78,40,6.93
240,Port Alfred,ZA,2020-04-20 21:10:53,-33.59,26.89,64.99,88,36,3.0
241,Ouesso,CG,2020-04-20 21:14:15,1.61,16.05,75.02,73,68,2.01
242,Balabac,PH,2020-04-20 21:11:47,7.99,117.06,83.98,77,60,11.65
243,Acapulco,MX,2020-04-20 21:14:16,16.86,-99.89,84.2,66,5,9.17
244,Havre,FR,2020-04-20 21:14:17,49.58,0.33,59.0,62,100,10.29
245,Wodonga,AU,2020-04-20 21:14:17,-36.12,146.88,50.0,100,90,3.36
246,Camargo,MX,2020-04-20 21:14:17,27.67,-105.17,89.74,7,67,10.47
247,Ponta Do Sol,PT,2020-04-20 21:10:57,32.67,-17.1,62.6,55,20,9.17
248,Mayo,US,2020-04-20 21:11:55,38.89,-76.51,62.01,51,1,3.36
249,Yeppoon,AU,2020-04-20 21:14:18,-23.13,150.73,71.6,94,90,6.93
250,Leningradskiy,RU,2020-04-20 21:12:32,69.38,178.42,9.36,90,2,6.6
251,Brumunddal,NO,2020-04-20 21:14:18,60.88,10.94,44.01,53,12,4.0
252,Launceston,AU,2020-04-20 21:14:18,-41.45,147.17,46.4,87,90,9.17
253,Los Llanos De Aridane,ES,2020-04-20 21:11:28,28.66,-17.92,68.0,77,40,13.87
254,Qaqortoq,GL,2020-04-20 21:11:51,60.72,-46.03,37.4,37,54,2.24
255,Soe,ID,2020-04-20 21:14:18,-9.86,124.28,66.87,82,12,3.13
256,Daru,PG,2020-04-20 21:14:19,-9.08,143.21,79.57,85,85,8.12
257,Booue,GA,2020-04-20 21:14:19,-0.09,11.94,70.95,88,100,6.08
258,Jiaocheng,CN,2020-04-20 21:11:29,24.68,116.14,71.49,86,71,1.43
259,Batagay-Alyta,RU,2020-04-20 21:12:28,67.8,130.41,21.27,88,100,0.43
260,Champerico,GT,2020-04-20 21:13:06,14.3,-91.92,91.4,46,40,11.41
261,Vardo,NO,2020-04-20 21:11:06,70.37,31.11,35.6,69,40,13.87
262,Jacareacanga,BR,2020-04-20 21:13:31,-6.22,-57.75,79.16,90,87,1.68
263,Vao,NC,2020-04-20 21:11:50,-22.67,167.48,76.1,79,34,12.5
264,Bambous Virieux,MU,2020-04-20 21:10:42,-20.34,57.76,73.99,87,40,5.99
265,Zurrieq,MT,2020-04-20 21:14:23,35.83,14.47,61.0,100,75,9.17
266,Grand Gaube,MU,2020-04-20 21:14:23,-20.01,57.66,73.99,86,20,8.99
267,Altay,CN,2020-04-20 21:14:24,47.87,88.12,48.54,30,0,6.31
268,Iguape,BR,2020-04-20 21:14:24,-24.71,-47.56,70.54,82,15,5.59
269,Berlevag,NO,2020-04-20 21:12:53,70.86,29.09,39.2,60,75,28.86
270,Vanimo,PG,2020-04-20 21:12:05,-2.67,141.3,79.3,82,99,6.73
271,Khashuri,GE,2020-04-20 21:14:25,41.99,43.6,50.92,62,100,5.35
272,Port Hardy,CA,2020-04-20 21:12:35,50.7,-127.42,50.0,87,75,5.82
273,Kourou,GF,2020-04-20 21:14:25,5.16,-52.65,73.4,100,75,1.12
274,Cove,BJ,2020-04-20 21:14:25,7.22,2.34,80.56,78,48,5.26
275,Yenagoa,NG,2020-04-20 21:14:26,4.92,6.26,78.15,89,6,4.56
276,Palu,ID,2020-04-20 21:14:26,-0.89,119.87,75.83,79,9,2.33
277,Katangli,RU,2020-04-20 21:14:26,51.71,143.23,30.33,97,100,9.33
278,Kolokani,ML,2020-04-20 21:14:26,13.57,-8.03,92.66,26,96,0.22
279,Swan Hill,AU,2020-04-20 21:14:26,-35.34,143.55,50.81,65,0,2.57
280,Hasaki,JP,2020-04-20 21:11:02,35.73,140.83,52.0,93,75,2.24
281,Morros,BR,2020-04-20 21:14:27,-9.45,-46.3,78.51,69,8,3.65
282,Coracora,PE,2020-04-20 21:14:27,-15.03,-73.78,56.93,22,44,9.17
283,Sapa,PH,2020-04-20 21:14:27,5.15,120.32,83.17,72,0,3.22
284,Ayabe,JP,2020-04-20 21:14:28,35.3,135.25,57.2,76,75,6.93
285,Bonavista,CA,2020-04-20 21:11:28,48.65,-53.11,35.76,90,97,18.32
286,Nome,US,2020-04-20 21:11:34,64.5,-165.41,32.0,100,90,6.93
287,Poum,NC,2020-04-20 21:14:28,-20.23,164.02,77.31,82,24,16.67
288,Clyde River,CA,2020-04-20 21:11:02,70.47,-68.59,3.2,77,40,8.05
289,Kidal,ML,2020-04-20 21:14:29,18.44,1.41,91.04,18,84,13.78
290,Cherskiy,RU,2020-04-20 21:10:57,68.75,161.3,9.84,95,100,7.63
291,Edea,CM,2020-04-20 21:14:29,3.8,10.13,80.6,88,20,3.36
292,Yar-Sale,RU,2020-04-20 21:11:55,66.83,70.83,32.7,96,99,10.58
293,Rawson,AR,2020-04-20 21:14:30,-43.3,-65.1,59.13,35,25,8.52
294,Westport,US,2020-04-20 21:12:08,41.14,-73.36,55.4,37,1,6.93
295,Lucapa,AO,2020-04-20 21:14:30,-8.42,20.74,68.22,72,99,2.53
296,Arman,RU,2020-04-20 21:11:30,59.7,150.17,12.63,86,0,4.63
297,Miri,MY,2020-04-20 21:14:30,4.41,114.01,77.0,100,75,3.36
298,Namatanai,PG,2020-04-20 21:14:31,-3.67,152.43,82.44,73,61,4.36
299,Arak,IR,2020-04-20 21:14:31,34.09,49.69,54.75,37,0,1.3
300,Tshikapa,CD,2020-04-20 21:12:37,-6.42,20.8,72.52,79,86,0.85
301,La Ronge,CA,2020-04-20 21:11:43,55.1,-105.28,28.4,42,40,8.05
302,Setermoen,NO,2020-04-20 21:14:31,68.86,18.35,41.0,65,100,9.17
303,Husavik,IS,2020-04-20 21:12:12,66.04,-17.34,43.39,77,31,12.21
304,Bousse,BF,2020-04-20 21:14:32,12.66,-1.89,86.0,51,1,6.93
305,Port Elizabeth,ZA,2020-04-20 21:07:30,-33.92,25.57,66.2,77,66,16.11
306,Goya,AR,2020-04-20 21:14:32,-29.14,-59.26,80.33,45,0,4.32
307,Roald,NO,2020-04-20 21:14:32,62.58,6.13,46.0,87,0,4.7
308,Mkushi,ZM,2020-04-20 21:14:32,-13.62,29.39,58.82,60,1,3.91
309,Karasjok,NO,2020-04-20 21:14:33,69.47,25.51,39.2,55,100,41.38
310,Sao Filipe,CV,2020-04-20 21:10:55,14.9,-24.5,72.66,76,2,14.7
311,Rio Gallegos,AR,2020-04-20 21:14:33,-51.62,-69.22,53.6,66,40,38.03
312,Quang Ngai,VN,2020-04-20 21:14:33,15.12,108.8,76.23,87,94,9.93
313,Sinjar,IQ,2020-04-20 21:14:34,36.32,41.88,63.68,49,27,5.23
314,Muros,ES,2020-04-20 21:11:58,42.78,-9.06,55.0,93,89,1.99
315,Cabra,ES,2020-04-20 21:14:34,37.47,-4.44,48.99,76,73,1.99
316,Vadso,NO,2020-04-20 21:14:34,70.07,29.75,35.6,69,40,13.87
317,Olafsvik,IS,2020-04-20 21:11:29,64.89,-23.71,45.48,89,100,17.67
318,Kabansk,RU,2020-04-20 21:14:35,52.05,106.65,15.8,56,0,4.47
319,Mezen,RU,2020-04-20 21:11:34,65.85,44.24,31.98,98,100,5.37
320,Yulara,AU,2020-04-20 21:11:00,-25.24,130.99,73.4,49,75,8.05
321,Ban Nahin,LA,2020-04-20 21:14:35,18.24,104.21,79.81,58,38,2.3
322,Petauke,ZM,2020-04-20 21:14:35,-14.24,31.33,62.08,58,66,3.65
323,Port Hedland,AU,2020-04-20 21:11:37,-20.32,118.57,78.8,88,77,4.7
324,Alyangula,AU,2020-04-20 21:14:36,-13.85,136.42,69.8,100,3,5.03
325,Graciano Sanchez,MX,2020-04-20 21:14:36,23.92,-99.28,100.4,21,5,6.93
326,Sobolevo,RU,2020-04-20 21:14:36,54.43,31.9,35.22,80,44,7.34
327,Ruidoso,US,2020-04-20 21:12:42,33.33,-105.67,66.99,8,1,9.17
328,Zagyvarekas,HU,2020-04-20 21:14:37,47.27,20.13,48.99,42,5,11.41
329,Lagoa,PT,2020-04-20 21:11:01,39.05,-27.98,59.5,67,95,14.18
330,Dudinka,RU,2020-04-20 21:12:38,69.41,86.18,32.0,96,90,20.13
331,Kamenka,RU,2020-04-20 21:11:31,51.32,42.77,37.99,95,100,1.99
332,Santa Cruz,BO,2020-04-20 21:10:06,-17.8,-63.17,91.4,43,40,9.17
333,Esperance,AU,2020-04-20 21:11:03,-33.87,121.9,55.4,82,9,10.29
334,Constitucion,CL,2020-04-20 21:11:46,-35.33,-72.42,66.63,46,74,15.82
335,Strezhevoy,RU,2020-04-20 21:14:38,60.73,77.59,46.4,49,98,11.18
336,Tacuarembo,UY,2020-04-20 21:10:26,-31.73,-55.98,75.34,44,0,3.36
337,Feni,BD,2020-04-20 21:14:38,23.02,91.41,73.99,89,33,2.64
338,Kang,BW,2020-04-20 21:11:06,-23.68,22.79,68.59,26,0,4.56
339,Shwebo,MM,2020-04-20 21:14:38,22.57,95.7,85.46,27,0,5.06
340,Salalah,OM,2020-04-20 21:11:37,17.02,54.09,82.4,74,20,6.93
341,Cayenne,GF,2020-04-20 21:11:42,4.93,-52.33,73.4,100,75,1.12
342,Caxias,PT,2020-04-20 21:14:39,38.7,-9.28,57.2,82,20,5.82
343,San Luis,AR,2020-04-20 21:13:55,-33.3,-66.34,79.11,31,50,3.62
344,Bako,ET,2020-04-20 21:14:39,5.78,36.57,63.23,64,60,3.78
345,Wanning,CN,2020-04-20 21:14:39,18.8,110.4,77.2,90,90,9.4
346,Dunedin,NZ,2020-04-20 21:11:29,-45.87,170.5,49.44,65,87,5.23
347,Beipiao,CN,2020-04-20 21:12:45,41.79,120.78,31.28,61,0,15.86
348,Saint-Augustin,CA,2020-04-20 21:14:40,51.23,-58.65,32.07,97,69,7.67
349,Derzhavinsk,KZ,2020-04-20 21:13:39,51.1,66.32,61.03,42,100,6.64
350,Freeport,US,2020-04-20 21:14:40,40.66,-73.58,55.99,35,1,4.7
351,Luganville,VU,2020-04-20 21:14:41,-15.53,167.17,77.0,94,75,2.55
352,Kieta,PG,2020-04-20 21:12:55,-6.22,155.63,81.48,74,25,2.24
353,Anadyr,RU,2020-04-20 21:11:33,64.75,177.48,10.4,78,18,2.24
354,Meadow Lake,US,2020-04-20 21:14:41,34.8,-106.54,73.99,18,40,8.05
355,Fez,MA,2020-04-20 21:14:41,34.04,-5.0,59.0,72,75,17.22
356,Luena,AO,2020-04-20 21:14:42,-11.78,19.92,61.34,58,64,4.34
357,Ambon,ID,2020-04-20 21:12:36,-3.7,128.18,77.0,88,40,5.82
358,Szczecinek,PL,2020-04-20 21:14:42,53.71,16.7,42.01,62,0,6.91
359,Lingao,CN,2020-04-20 21:14:42,19.91,109.69,76.84,85,31,4.25
360,Steinbach,DE,2020-04-20 21:14:42,50.17,8.57,59.0,30,0,19.46
361,Puerto Del Rosario,ES,2020-04-20 21:14:43,28.5,-13.86,68.0,72,20,10.29
362,Ingraj Bazar,IN,2020-04-20 21:14:43,25.0,88.15,75.25,72,99,4.56
363,Harper,LR,2020-04-20 21:12:06,4.38,-7.72,81.72,79,93,6.02
364,Tiarei,PF,2020-04-20 21:11:44,-17.53,-149.33,87.8,62,73,6.93
365,Praia Da Vitoria,PT,2020-04-20 21:11:47,38.73,-27.07,60.8,63,20,11.25
366,Coquimbo,CL,2020-04-20 21:11:33,-29.95,-71.34,60.8,87,75,8.05
367,Havelock,US,2020-04-20 21:11:04,34.88,-76.9,59.0,82,90,18.34
368,Mount Isa,AU,2020-04-20 21:14:44,-20.73,139.5,57.2,44,0,11.1
369,Ostrovnoy,RU,2020-04-20 21:12:45,68.05,39.51,32.58,93,100,18.81
370,Rayachoti,IN,2020-04-20 21:14:44,14.05,78.75,74.16,60,17,4.79
371,Agadez,NE,2020-04-20 21:12:13,19.75,10.25,85.42,11,0,6.73
372,Elizabeth City,US,2020-04-20 21:14:45,36.29,-76.25,55.99,87,90,10.29
373,Souillac,MU,2020-04-20 21:11:54,-20.52,57.52,75.2,88,75,12.75
374,Aykhal,RU,2020-04-20 21:14:45,66.0,111.5,19.96,82,0,5.99
375,Shillong,IN,2020-04-20 21:14:46,25.57,91.88,56.98,49,79,2.39
376,Jalalpur Pirwala,PK,2020-04-20 21:14:46,29.51,71.22,78.28,37,100,8.72
377,Coahuayana,MX,2020-04-20 21:14:46,18.73,-103.68,86.0,55,20,9.17
378,Esso,RU,2020-04-20 21:14:46,55.93,158.7,9.46,81,18,3.89
379,Itambacuri,BR,2020-04-20 21:14:46,-18.03,-41.69,70.93,72,84,2.35
380,Neiafu,TO,2020-04-20 21:11:03,-18.65,-173.98,80.6,83,40,10.29
381,Hambantota,LK,2020-04-20 21:14:47,6.12,81.12,81.82,80,69,10.65
382,Tabuk,PH,2020-04-20 21:14:47,17.42,121.44,74.66,85,100,3.2
383,Chuy,UY,2020-04-20 21:11:28,-33.7,-53.46,70.56,68,0,0.89
384,Sao Joao Dos Patos,BR,2020-04-20 21:14:47,-6.5,-43.7,76.73,82,20,3.27
385,Bucerias,MX,2020-04-20 21:13:14,20.75,-105.33,78.8,69,5,10.29
386,Manta,EC,2020-04-20 21:14:48,-0.95,-80.73,86.0,74,20,12.75
387,Naze,JP,2020-04-20 21:14:48,28.37,129.48,66.2,72,90,9.17
388,Port Blair,IN,2020-04-20 21:12:14,11.67,92.75,83.61,72,2,5.84
389,Tekit,MX,2020-04-20 21:14:48,20.53,-89.33,104.0,29,40,11.41
390,Tanout,NE,2020-04-20 21:14:48,14.97,8.89,86.38,10,0,7.52
391,Halifax,CA,2020-04-20 21:07:35,44.65,-63.57,53.6,37,90,10.29
392,Manzil Salim,TN,2020-04-20 21:14:49,35.86,8.48,59.0,54,40,9.17
393,Namwala,ZM,2020-04-20 21:14:49,-15.75,26.44,61.05,49,12,3.71
394,Honolulu,US,2020-04-20 21:14:49,21.31,-157.86,82.4,58,75,8.05
395,Same,TZ,2020-04-20 21:14:50,-4.07,37.73,68.09,73,28,3.71
396,Winchester,GB,2020-04-20 21:14:50,51.07,-1.32,55.4,43,44,14.99
397,Aginskoye,RU,2020-04-20 21:14:50,51.1,114.53,18.9,72,100,14.07
398,Labuhan,ID,2020-04-20 21:11:47,-6.88,112.21,79.03,85,55,5.12
399,Noumea,NC,2020-04-20 21:08:30,-22.28,166.46,75.99,94,75,8.01
400,Gat,IL,2020-04-20 21:12:30,31.61,34.76,64.99,14,0,6.26
401,Flinders,AU,2020-04-20 21:14:50,-34.58,150.86,57.0,77,4,7.38
402,Tateyama,JP,2020-04-20 21:12:07,34.98,139.87,54.0,93,75,2.24
403,Taua,BR,2020-04-20 21:14:51,-5.97,-40.3,74.53,82,78,4.29
404,Agde,FR,2020-04-20 21:13:32,43.31,3.48,59.0,100,90,4.7
405,Unguia,CO,2020-04-20 21:14:51,8.04,-77.09,89.6,62,40,11.41
406,Aswan,EG,2020-04-20 21:14:51,24.09,32.91,76.98,23,6,8.3
407,La Roda,ES,2020-04-20 21:12:22,39.22,-2.15,51.8,66,100,6.93
408,Chanika,TZ,2020-04-20 21:14:52,-5.42,38.02,66.88,81,51,1.77
409,Tianpeng,CN,2020-04-20 21:14:52,30.99,103.94,62.01,1,100,0.78
410,Yumen,CN,2020-04-20 21:11:41,40.28,97.2,42.94,24,100,7.74
411,Ancud,CL,2020-04-20 21:12:12,-41.87,-73.82,55.4,66,52,5.82
412,Abha,SA,2020-04-20 21:08:01,18.22,42.51,60.8,62,70,6.93
413,Yantal,RU,2020-04-20 21:14:53,56.85,105.25,20.48,92,0,2.15
414,La Brea,HN,2020-04-20 21:14:53,15.8,-85.97,87.67,50,15,8.72
415,Bafra,TR,2020-04-20 21:14:54,41.57,35.91,51.8,87,75,3.36
416,Teluk Nibung,ID,2020-04-20 21:14:54,3.0,99.82,78.67,85,18,5.53
417,Buta,CD,2020-04-20 21:14:54,2.79,24.73,70.7,83,1,0.92
418,Puro,PH,2020-04-20 21:14:54,12.48,123.38,81.81,80,100,9.51
419,Russell,US,2020-04-20 21:13:22,32.35,-85.2,78.8,50,20,12.75
420,Murashi,RU,2020-04-20 21:14:54,59.4,48.96,35.55,81,99,3.27
421,Angoche,MZ,2020-04-20 21:14:55,-16.23,39.91,75.38,86,8,6.11
422,Tura,IN,2020-04-20 21:14:55,25.52,90.22,69.78,78,100,3.53
423,Cairns,AU,2020-04-20 21:12:45,-16.92,145.77,75.2,94,73,8.05
424,Sain Alto,MX,2020-04-20 21:14:55,23.58,-103.25,86.38,6,50,8.43
425,Kahului,US,2020-04-20 21:11:45,20.89,-156.47,80.6,51,20,6.93
426,Meulaboh,ID,2020-04-20 21:14:56,4.14,96.13,79.34,85,51,5.21
427,Kemijarvi,FI,2020-04-20 21:14:56,66.71,27.43,30.15,96,91,4.16
428,Amapa,BR,2020-04-20 21:12:03,1.0,-52.0,74.28,93,100,3.15
429,Deputatskiy,RU,2020-04-20 21:12:47,69.3,139.9,12.88,91,100,5.01
430,Carlsbad,US,2020-04-20 21:14:28,33.16,-117.35,66.99,72,20,11.41
431,Ramanuj Ganj,IN,2020-04-20 21:14:56,23.8,83.7,79.86,21,96,3.8
432,Dois Vizinhos,BR,2020-04-20 21:14:57,-25.73,-53.06,69.49,53,1,2.46
433,Tefe,BR,2020-04-20 21:14:57,-3.35,-64.71,85.62,73,78,1.54
434,Bubaque,GW,2020-04-20 21:12:51,11.28,-15.83,78.17,72,0,13.78
435,Grindavik,IS,2020-04-20 21:12:37,63.84,-22.43,46.87,90,100,27.74
436,Hudiksvall,SE,2020-04-20 21:14:57,61.73,17.1,45.1,85,0,5.68
437,Kungurtug,RU,2020-04-20 21:14:57,50.6,97.52,29.05,52,63,1.54
438,Batemans Bay,AU,2020-04-20 21:14:57,-35.72,150.18,53.01,100,55,2.71
439,Dubai,AE,2020-04-20 21:14:01,25.26,55.3,84.2,45,88,1.12
440,Klerksdorp,ZA,2020-04-20 21:14:58,-26.85,26.67,59.54,34,0,0.31
441,Beloha,MG,2020-04-20 21:13:04,-25.17,45.05,70.32,73,0,13.29
442,Andenes,NO,2020-04-20 21:11:59,69.31,16.12,42.8,93,100,21.92
443,Kampong Thum,KH,2020-04-20 21:14:58,12.71,104.89,81.88,71,88,7.58
444,Khasan,RU,2020-04-20 21:12:19,42.43,130.64,34.72,77,21,14.76
445,Santa Isabel Do Rio Negro,BR,2020-04-20 21:11:05,-0.41,-65.02,84.16,78,58,2.98
446,Chandauli,IN,2020-04-20 21:14:59,25.27,83.27,80.94,32,90,9.8
447,Manggar,ID,2020-04-20 21:11:06,-2.88,108.27,81.12,81,40,4.38
448,Oksfjord,NO,2020-04-20 21:14:59,70.24,22.35,39.99,64,73,19.46
449,Farap,TM,2020-04-20 21:14:36,39.17,63.61,72.75,20,0,4.68
450,Fethiye,TR,2020-04-20 21:14:59,36.62,29.12,62.6,93,75,1.23
451,Havoysund,NO,2020-04-20 21:15:00,71.0,24.66,39.2,76,40,34.45
452,Kisangani,CD,2020-04-20 21:15:00,0.52,25.2,71.98,80,80,0.43
453,Moyale,KE,2020-04-20 21:15:00,3.52,39.06,67.57,65,71,1.12
454,Smirnykh,RU,2020-04-20 21:15:00,49.75,142.83,34.0,85,100,3.8
455,Zwedru,LR,2020-04-20 21:15:01,6.07,-8.13,75.38,88,67,3.56
456,Lavrentiya,RU,2020-04-20 21:11:43,65.58,-171.0,17.89,91,100,6.67
457,Kahna Nau,PK,2020-04-20 21:15:01,31.37,74.37,64.4,77,40,5.82
458,Soyo,AO,2020-04-20 21:15:01,-6.13,12.37,80.08,86,54,8.68
459,Sao Gabriel Da Cachoeira,BR,2020-04-20 21:15:02,-0.13,-67.09,83.3,65,47,3.31
460,Tabou,CI,2020-04-20 21:12:34,4.42,-7.35,81.03,81,84,6.35
461,Malanje,AO,2020-04-20 21:15:02,-9.54,16.34,65.93,68,100,1.7
462,Merauke,ID,2020-04-20 21:15:03,-8.47,140.33,78.15,89,100,7.92
463,Oleksandrivka,UA,2020-04-20 21:15:03,48.96,32.23,39.78,68,0,7.4
464,Port-Cartier,CA,2020-04-20 21:15:03,50.03,-66.87,37.4,37,75,13.87
465,Egvekinot,RU,2020-04-20 21:11:57,66.32,-179.17,8.71,89,25,7.43
466,Alberton,CA,2020-04-20 21:15:03,46.82,-64.07,39.99,12,14,17.85
467,Padang,ID,2020-04-20 21:12:34,-0.95,100.35,78.37,74,42,4.47
468,Kalmar,SE,2020-04-20 21:15:04,56.66,16.36,42.01,71,0,3.0
469,Nha Trang,VN,2020-04-20 21:15:05,12.25,109.18,78.8,74,20,4.7
470,Avera,US,2020-04-20 21:11:55,33.19,-82.53,73.4,56,75,8.05
471,Batsfjord,NO,2020-04-20 21:15:05,70.63,29.72,35.6,69,40,13.87
472,Honningsvag,NO,2020-04-20 21:15:05,70.98,25.97,39.2,69,20,24.16
473,Galesong,ID,2020-04-20 21:15:06,-5.32,119.37,73.4,88,20,2.24
474,Tecozautla,MX,2020-04-20 21:15:06,20.53,-99.63,87.8,22,20,4.7
475,Berdigestyakh,RU,2020-04-20 21:15:06,62.1,126.7,11.34,93,1,2.68
476,Mandurah,AU,2020-04-20 21:15:06,-32.55,115.7,63.0,80,69,8.1
477,Beyneu,KZ,2020-04-20 21:15:06,45.32,55.2,67.5,45,15,11.68
478,Apolda,DE,2020-04-20 21:15:07,51.02,11.5,51.01,51,0,1.99
479,Umarkot,PK,2020-04-20 21:15:07,25.36,69.74,82.87,51,0,10.33
480,Axim,GH,2020-04-20 21:15:07,4.87,-2.24,82.13,79,8,9.86
481,Naryan-Mar,RU,2020-04-20 21:12:35,67.67,53.09,27.91,97,99,15.77
482,Aquiraz,BR,2020-04-20 21:14:26,-3.9,-38.39,84.2,70,20,5.82
483,Teya,RU,2020-04-20 21:11:59,60.38,92.63,30.79,87,38,2.86
484,Bacolod,PH,2020-04-20 21:15:08,10.67,122.95,80.53,75,84,6.93
485,Gold Coast,AU,2020-04-20 21:13:09,-28.0,153.43,62.01,87,97,5.21
486,Tornio,FI,2020-04-20 21:15:08,65.85,24.15,35.6,64,8,3.36
487,Ratnagiri,IN,2020-04-20 21:15:09,16.98,73.3,82.02,75,21,3.76
488,Jiangmen,CN,2020-04-20 21:15:09,22.58,113.08,78.01,90,20,1.01
489,Amet,IN,2020-04-20 21:15:09,25.3,73.93,77.32,30,22,3.27
490,North Platte,US,2020-04-20 21:15:09,41.12,-100.77,68.0,24,90,20.8
491,Saint-Michel-Des-Saints,CA,2020-04-20 21:15:09,46.68,-73.92,34.99,68,0,4.09
492,Muzhi,RU,2020-04-20 21:15:10,65.37,64.67,33.62,94,81,4.16
493,Seoul,KR,2020-04-20 21:15:10,37.57,126.98,46.4,75,75,3.36
494,Najran,SA,2020-04-20 21:15:10,17.49,44.13,64.4,93,75,4.7
495,Makokou,GA,2020-04-20 21:15:10,0.57,12.86,71.83,83,99,4.09
496,Nicoya,CR,2020-04-20 21:12:34,10.15,-85.45,93.2,46,20,16.11
497,Loandjili,CG,2020-04-20 21:15:11,-4.76,11.86,79.36,86,76,11.48
498,Pacifica,US,2020-04-20 21:15:11,37.61,-122.49,63.0,59,90,13.87
499,Severo-Kurilsk,RU,2020-04-20 21:11:49,50.68,156.12,32.27,93,63,5.64
500,California City,US,2020-04-20 21:15:11,35.13,-117.99,71.01,39,40,19.46
501,Astana,KZ,2020-04-20 21:15:11,51.18,71.45,50.0,66,100,8.95
502,Hualmay,PE,2020-04-20 21:15:12,-11.1,-77.61,75.02,65,10,9.24
503,Hammerfest,NO,2020-04-20 21:15:12,70.66,23.68,39.2,78,40,34.45
504,Plettenberg Bay,ZA,2020-04-20 21:12:33,-34.05,23.37,63.03,77,91,8.46
505,Tecpatan,MX,2020-04-20 21:13:00,17.13,-93.3,96.8,28,40,5.82
506,Mustvee,EE,2020-04-20 21:15:12,58.85,26.94,43.0,70,71,2.95
507,Bandarbeyla,SO,2020-04-20 21:11:05,9.49,50.81,82.35,78,99,12.41
508,Dabhol,IN,2020-04-20 21:12:15,17.6,73.17,82.04,61,40,4.32
509,Mirnyy,RU,2020-04-20 21:15:12,62.54,113.96,24.8,68,96,6.71
510,Kitimat,CA,2020-04-20 21:13:23,54.05,-128.65,53.01,72,94,4.0
511,Roma,US,2020-04-20 21:14:05,43.21,-75.46,50.0,39,1,8.05
512,Santa Fe,AR,2020-04-20 21:15:13,-31.63,-60.7,90.0,42,0,1.99
513,Inirida,CO,2020-04-20 21:15:13,3.87,-67.92,82.54,77,24,3.85
514,Banikoara,BJ,2020-04-20 21:15:13,11.3,2.44,81.1,52,97,6.6
515,Quarteira,PT,2020-04-20 21:15:13,37.07,-8.1,57.2,87,75,8.05
516,Agen,FR,2020-04-20 21:15:14,44.2,0.63,59.0,87,90,4.7
517,Sherbakul,RU,2020-04-20 21:15:14,54.63,72.4,60.8,36,40,17.9
518,Boa Vista,BR,2020-04-20 21:15:14,2.82,-60.67,78.8,88,75,10.29
519,Sorochinsk,RU,2020-04-20 21:15:15,52.43,53.16,51.06,72,100,16.28
520,Rio Grande,BR,2020-04-20 21:10:05,-32.03,-52.1,78.8,50,0,8.05
521,Henties Bay,NA,2020-04-20 21:12:12,-22.12,14.28,62.01,88,85,4.0
522,Karratha,AU,2020-04-20 21:11:55,-20.74,116.85,80.56,73,97,8.66
523,Simbahan,PH,2020-04-20 21:15:15,6.3,120.58,83.16,70,46,1.7
524,Sibsagar,IN,2020-04-20 21:15:15,26.98,94.63,69.26,80,89,4.23
525,Bridgeton,US,2020-04-20 21:10:35,39.43,-75.23,59.0,47,20,6.93
526,Green Valley,US,2020-04-20 21:15:16,31.85,-110.99,82.99,12,1,3.36
527,Macenta,GN,2020-04-20 21:15:16,8.54,-9.47,71.53,77,100,0.11
528,Sherlovaya Gora,RU,2020-04-20 21:15:16,50.57,116.25,16.39,73,100,20.87
529,Whitehorse,CA,2020-04-20 21:11:00,60.72,-135.05,50.0,46,90,10.29
